,words,frequency
0,bad,898
1,even,896
2,good,823
3,much,594
4,movi,587
5,well,497
6,first,474
7,get,439
8,ever,374
9,better,370
10,also,367
11,never,355
12,actual,324
13,real,300
14,great,277
15,back,266
16,still,253
17,stori,249
18,best,238
19,worst,228
20,old,225
21,go,220
22,direct,211
23,stupid,210
24,see,206
25,far,205
26,least,203
27,whole,202
28,enough,195
29,big,192
30,charact,190
31,new,189
32,ive,185
33,give,179
34,poor,168
35,sure,167
36,long,165
37,take,164
38,almost,163
39,happen,157
40,yet,154
41,away,152
42,hard,151
43,last,148
44,dont,148
45,special,142
46,right,142
47,realli,141
48,young,141
49,high,140
50,rather,140
51,final,137
52,live,134
53,kill,129
54,dead,129
55,make,124
56,instead,124
57,american,123
58,alway,123
59,main,122
60,littl,119
61,black,117
62,come,115
63,wrong,114
64,less,113
65,low,113
66,open,109
67,peopl,108
68,someth,108
69,mean,107
70,second,107
71,total,106
72,next,105
73,funni,103
74,short,102
75,usual,101
76,tri,101
77,full,101
78,there,100
79,true,100
80,write,99
81,love,99
82,close,98
83,basic,97
84,overal,96
85,white,95
86,hous,94
87,everi,93
88,im,92
89,mani,92
90,later,91
91,watch,89
92,worth,88
93,pretti,88
94,top,88
95,nice,88
96,unfortun,88
97,cant,87
98,christian,84
99,run,83
100,classic,82
101,find,82
102,cheap,80
103,act,79
104,keep,79
105,obvious,77
106,serious,77
107,anyway,76
108,feel,75
109,wast,73
110,aw,73
111,decent,71
112,small,71
113,know,71
114,origin,70
115,local,68
116,ok,68
117,slow,68
118,human,67
119,anyth,66
120,major,66
121,shot,64
122,wish,64
123,huge,64
124,often,63
125,develop,63
126,start,62
127,late,62
128,other,62
129,say,61
130,oh,61
131,present,60
132,isnt,60
133,want,60
134,didnt,59
135,soon,58
136,think,58
137,sad,58
138,stop,58
139,look,57
140,fi,57
141,evil,56
142,read,55
143,forward,55
144,third,55
145,screen,55
146,dull,54
147,minut,54
148,finish,54
149,terribl,53
150,begin,53
151,clear,53
152,sound,52
153,dumb,52
154,somewhat,52
155,anyon,52
156,laugh,50
157,believ,50
158,light,50
159,lead,50
160,comic,50
161,weak,50
162,bore,49
163,like,49
164,tell,48
165,recent,48
166,subject,48
167,play,47
168,similar,47
169,femal,47
170,apart,47
171,save,47
172,miss,47
173,fine,46
174,famili,46
175,sexual,45
176,entir,45
177,follow,45
178,fast,45
179,certain,45
180,involv,44
181,let,44
182,leav,44
183,normal,44
184,understand,44
185,end,43
186,qualiti,43
187,call,43
188,probabl,43
189,due,43
190,perform,42
191,polic,41
192,free,41
193,novel,41
194,buy,41
195,notic,41
196,doesnt,40
197,somehow,40
198,natur,40
199,ill,40
200,enjoy,39
201,flat,39
202,italian,39
203,suppos,39
204,everyth,39
205,half,38
206,german,38
207,modern,38
208,critic,38
209,english,38
210,unbeliev,37
211,add,37
212,fair,37
213,show,37
214,extra,37
215,expect,37
216,togeth,37
217,strong,37
218,dvd,36
219,norman,36
220,weird,36
221,annoy,36
222,someon,35
223,stay,35
224,common,35
225,horribl,35
226,alien,35
227,non,35
228,die,35
229,amateurish,34
230,hot,34
231,appear,34
232,girl,33
233,teen,33
234,coupl,33
235,featur,33
236,earli,33
237,dark,33
238,hear,32
239,earlier,32
240,cool,32
241,seri,32
242,wasnt,32
243,particular,32
244,turn,31
245,build,31
246,mayb,31
247,father,31
248,sick,31
249,imagin,31
250,episod,30
251,u,30
252,indian,30
253,atmospher,30
254,bother,30
255,check,30
256,straight,30
257,anoth,29
258,unlik,29
259,greatest,29
260,visual,29
261,simpli,29
262,wonder,29
263,suck,29
264,red,29
265,thin,29
266,quit,28
267,script,28
268,extrem,28
269,ed,28
270,utterli,28
271,secret,28
272,produc,28
273,flick,28
274,guy,28
275,perfect,28
276,sinc,28
277,everyon,28
278,possibl,28
279,lame,27
280,nearli,27
281,lose,27
282,use,27
283,piec,27
284,ufo,27
285,absolut,27
286,surpris,27
287,western,27
288,seem,26
289,shoot,26
290,around,26
291,popular,26
292,howev,26
293,tough,26
294,id,26
295,mere,26
296,unnecessari,26
297,ask,26
298,wont,26
299,ago,26
300,silli,26
301,titl,26
302,rich,25
303,ultim,25
304,need,25
305,thought,25
306,longer,25
307,abl,25
308,mad,25
309,difficult,25
310,avoid,25
311,fit,25
312,put,25
313,pull,25
314,nativ,25
315,figur,25
316,explain,25
317,standard,24
318,russian,24
319,audienc,24
320,ridicul,24
321,scene,24
322,cast,24
323,wide,24
324,familiar,24
325,bit,24
326,seriou,24
327,wear,24
328,arent,24
329,fight,24
330,fail,23
331,wooden,23
332,dialogu,23
333,insan,23
334,green,23
335,public,23
336,former,23
337,along,23
338,becom,23
339,offic,23
340,sant,23
341,touch,23
342,minor,23
343,blue,23
344,steven,23
345,biggest,23
346,made,23
347,nuditi,23
348,martial,23
349,speak,23
350,god,23
351,serial,23
352,guess,22
353,theyr,22
354,loud,22
355,technic,22
356,forget,22
357,forc,22
358,unintent,22
359,himesh,22
360,rememb,22
361,kick,22
362,nowher,22
363,remak,22
364,practic,22
365,giant,21
366,stick,21
367,especi,21
368,okay,21
369,comedi,21
370,obviou,21
371,magic,21
372,older,21
373,noth,21
374,unknown,21
375,wild,21
376,includ,21
377,exactli,21
378,sorri,21
379,utter,21
380,clean,21
381,scari,21
382,throw,21
383,odd,21
384,decid,21
385,sci,20
386,rare,20
387,asian,20
388,allow,20
389,graphic,20
390,pleas,20
391,amus,20
392,soft,20
393,viewer,20
394,sever,20
395,central,20
396,appar,20
397,averag,20
398,past,20
399,pick,20
400,excel,20
401,deep,20
402,ignor,19
403,spend,19
404,experi,19
405,hogan,19
406,fake,19
407,nobodi,19
408,sheriff,19
409,anim,19
410,fun,19
411,attract,19
412,logic,19
413,bright,19
414,pictur,19
415,youll,19
416,kid,19
417,impress,19
418,younger,19
419,larg,19
420,establish,18
421,meet,18
422,physic,18
423,sleep,18
424,demon,18
425,exampl,18
426,singl,18
427,social,18
428,forest,18
429,justic,18
430,truli,18
431,moral,18
432,learn,18
433,violent,18
434,entertain,18
435,escap,18
436,releas,17
437,relat,17
438,wait,17
439,recommend,17
440,slasher,17
441,twice,17
442,funniest,17
443,superior,17
444,manag,17
445,latter,17
446,loos,17
447,here,17
448,alreadi,17
449,unconvinc,17
450,clich,17
451,exact,17
452,perhap,17
453,filmmak,17
454,current,17
455,unfunni,17
456,goe,17
457,emot,17
458,equal,17
459,brilliant,17
460,appal,17
461,facial,17
462,absurd,17
463,ugli,17
464,nake,16
465,â,16
466,smart,16
467,advic,16
468,copi,16
469,uniqu,16
470,sub,16
471,histori,16
472,french,16
473,agre,16
474,fish,16
475,psycho,16
476,deserv,16
477,honest,16
478,shower,16
479,super,16
480,compar,16
481,realiz,16
482,bottom,16
483,excit,16
484,govern,16
485,lack,16
486,queen,16
487,ann,15
488,smile,15
489,ten,15
490,happi,15
491,brutal,15
492,incred,15
493,voic,15
494,cover,15
495,accent,15
496,pathet,15
497,canadian,15
498,awkward,15
499,sometim,15
500,front,15
501,care,15
502,wouldnt,15
503,mysteri,15
504,previous,15
505,fairli,15
506,name,15
507,tree,15
508,african,15
509,fresh,15
510,shallow,15
511,south,15
512,sebastian,15
513,asleep,15
514,somewher,15
515,art,14
516,spanish,14
517,lower,14
518,random,14
519,constant,14
520,exploit,14
521,hate,14
522,seagal,14
523,connect,14
524,consid,14
525,mr,14
526,rubbish,14
527,instal,14
528,devil,14
529,key,14
530,lot,14
531,boy,14
532,friend,14
533,warrior,14
534,documentari,14
535,asham,14
536,busi,14
537,mental,14
538,appreci,14
539,attent,14
540,afraid,14
541,complet,14
542,belong,14
543,chang,14
544,sandra,14
545,hold,14
546,laughabl,14
547,soldier,14
548,notabl,14
549,australian,13
550,gun,13
551,heavi,13
552,move,13
553,priest,13
554,exorc,13
555,bunch,13
556,forth,13
557,prove,13
558,uninterest,13
559,imdb,13
560,help,13
561,british,13
562,otherwis,13
563,cheesi,13
564,strang,13
565,accomplish,13
566,knew,13
567,theatric,13
568,talent,13
569,machin,13
570,dread,13
571,attempt,13
572,poorli,13
573,recal,13
574,collect,13
575,work,13
576,earth,13
577,ladi,13
578,couldnt,13
579,suggest,13
580,win,13
581,fill,13
582,sudden,13
583,intrigu,13
584,sadli,13
585,fourth,13
586,everybodi,13
587,outsid,13
588,ninja,13
589,easili,13
590,beauti,13
591,safe,12
592,funnier,12
593,youv,12
594,adapt,12
595,glad,12
596,cop,12
597,partial,12
598,david,12
599,kiss,12
600,immedi,12
601,fbi,12
602,actress,12
603,gay,12
604,televis,12
605,plenti,12
606,video,12
607,spartan,12
608,sole,12
609,frequent,12
610,easi,12
611,aspect,12
612,vampir,12
613,realiti,12
614,rental,12
615,intellig,12
616,sell,12
617,upset,12
618,definit,12
619,whatev,12
620,thrown,12
621,ye,12
622,cold,12
623,up,12
624,mostli,12
625,fx,12
626,naiv,12
627,futur,12
628,anywher,12
629,robert,12
630,complic,12
631,heard,12
632,distract,12
633,flesh,12
634,therefor,12
635,rip,12
636,rourk,12
637,useless,12
638,creatur,12
639,nose,12
640,quick,12
641,pinhead,12
642,nois,12
643,issu,12
644,actor,12
645,unabl,12
646,fat,12
647,appeal,12
648,f,12
649,despit,12
650,clichã,11
651,certainli,11
652,clever,11
653,plu,11
654,cut,11
655,fall,11
656,own,11
657,confus,11
658,quickli,11
659,horrid,11
660,ahead,11
661,male,11
662,reba,11
663,prime,11
664,trash,11
665,sweet,11
666,potenti,11
667,th,11
668,grow,11
669,gross,11
670,send,11
671,badli,11
672,destroy,11
673,sit,11
674,rent,11
675,prior,11
676,punish,11
677,alic,11
678,inform,11
679,irrit,11
680,spoof,11
681,chase,11
682,silent,11
683,particularli,11
684,bigger,11
685,solid,11
686,indic,11
687,nazi,11
688,listen,11
689,halloween,11
690,focu,11
691,north,11
692,matter,11
693,angri,11
694,narr,11
695,leigh,11
696,locat,11
697,previou,11
698,nasti,11
699,nuclear,11
700,hell,11
701,convinc,11
702,stereotyp,11
703,neg,11
704,succeed,11
705,simpl,11
706,attic,11
707,scienc,11
708,walk,11
709,fellow,11
710,organ,11
711,bring,11
712,amateur,10
713,francisvil,10
714,youd,10
715,screwbal,10
716,correct,10
717,replac,10
718,aliv,10
719,twenti,10
720,grand,10
721,ultra,10
722,lie,10
723,tale,10
724,purpos,10
725,famou,10
726,regular,10
727,steal,10
728,pregnant,10
729,frighten,10
730,fli,10
731,puppet,10
732,comedian,10
733,improv,10
734,jean,10
735,achiev,10
736,describ,10
737,slightest,10
738,type,10
739,komodo,10
740,pant,10
741,ride,10
742,lycan,10
743,fifteen,10
744,brief,10
745,sequenc,10
746,uncl,10
747,anthoni,10
748,ish,10
749,troubl,10
750,cri,10
751,invest,10
752,element,10
753,numer,10
754,talk,10
755,predict,10
756,bear,10
757,terrorist,10
758,sort,10
759,guard,10
760,eric,10
761,excess,10
762,adventur,10
763,separ,10
764,uninspir,10
765,introduc,10
766,usa,10
767,suspect,10
768,unrealist,10
769,adopt,10
770,southern,10
771,promis,10
772,hope,10
773,mild,10
774,foolish,10
775,break,10
776,star,10
777,mid,10
778,teenag,10
779,express,10
780,rest,10
781,saw,10
782,middl,10
783,imag,10
784,angel,10
785,flynn,10
786,arriv,10
787,innoc,10
788,turkish,9
789,cynic,9
790,supposedli,9
791,advis,9
792,disappear,9
793,rid,9
794,virtual,9
795,idiot,9
796,rapid,9
797,medic,9
798,bizarr,9
799,alon,9
800,investig,9
801,accept,9
802,mix,9
803,spoiler,9
804,sympathi,9
805,highli,9
806,foreign,9
807,inspir,9
808,heaven,9
809,sharp,9
810,disappoint,9
811,award,9
812,variou,9
813,mediocr,9
814,eventu,9
815,golden,9
816,carri,9
817,clearli,9
818,point,9
819,nightmar,9
820,broad,9
821,left,9
822,brother,9
823,hulk,9
824,poe,9
825,underwat,9
826,zombi,9
827,european,9
828,hardli,9
829,translat,9
830,level,9
831,electr,9
832,cgi,9
833,marri,9
834,spent,9
835,drunk,9
836,valu,9
837,score,9
838,forev,9
839,romant,9
840,higher,9
841,cute,9
842,gore,9
843,liter,9
844,friday,9
845,butcher,9
846,tear,9
847,anti,9
848,deliv,9
849,nick,9
850,caus,9
851,hit,9
852,answer,9
853,sexi,9
854,monster,9
855,beat,9
856,underworld,9
857,fantasi,9
858,necessari,9
859,stiff,9
860,admir,8
861,either,8
862,mistak,8
863,unbear,8
864,fantast,8
865,jewish,8
866,choic,8
867,elementari,8
868,armi,8
869,whatsoev,8
870,situat,8
871,overact,8
872,inde,8
873,everywher,8
874,st,8
875,turkey,8
876,harsh,8
877,compel,8
878,dialog,8
879,afterward,8
880,everyday,8
881,freak,8
882,punch,8
883,edg,8
884,writer,8
885,gray,8
886,awar,8
887,ancient,8
888,user,8
889,hidden,8
890,swear,8
891,niec,8
892,gein,8
893,posit,8
894,surreal,8
895,hellrais,8
896,scare,8
897,franchis,8
898,bodi,8
899,redeem,8
900,nathaniel,8
901,mexican,8
902,cannot,8
903,piti,8
904,return,8
905,kidnap,8
906,bitter,8
907,footag,8
908,hey,8
909,c,8
910,chanc,8
911,industri,8
912,skill,8
913,west,8
914,artist,8
915,side,8
916,confess,8
917,depict,8
918,armstrong,8
919,remind,8
920,frame,8
921,grant,8
922,nonetheless,8
923,consist,8
924,skeptic,8
925,worthi,8
926,undermin,8
927,forgotten,8
928,mildli,8
929,global,8
930,axe,8
931,bed,8
932,tight,8
933,surprisingli,8
934,legal,8
935,fest,8
936,rural,8
937,review,8
938,brown,8
939,mind,8
940,longest,8
941,underground,8
942,object,8
943,found,8
944,london,8
945,inconsist,8
946,lombard,8
947,vanish,8
948,struggl,8
949,stylish,8
950,tragic,8
951,thank,8
952,skip,8
953,worthwhil,7
954,dad,7
955,premis,7
956,explos,7
957,cloth,7
958,insid,7
959,havent,7
960,highest,7
961,continu,7
962,grown,7
963,intent,7
964,draw,7
965,werent,7
966,overli,7
967,icon,7
968,childish,7
969,unusu,7
970,lamest,7
971,creat,7
972,surviv,7
973,sex,7
974,caught,7
975,blame,7
976,etern,7
977,boyfriend,7
978,nowaday,7
979,uncomfort,7
980,kong,7
981,watchabl,7
982,conscious,7
983,rais,7
984,stratten,7
985,typic,7
986,hollywood,7
987,salli,7
988,hilari,7
989,desir,7
990,steve,7
991,gori,7
992,discuss,7
993,told,7
994,evid,7
995,greater,7
996,electra,7
997,lousi,7
998,rival,7
999,serv,7
1000,dismal,7
1001,valid,7
1002,unleash,7
1003,authent,7
1004,dramat,7
1005,failur,7
1006,garbag,7
1007,nash,7
1008,prey,7
1009,fan,7
1010,necessarili,7
1011,depress,7
1012,worri,7
1013,crazi,7
1014,provid,7
1015,complex,7
1016,obnoxi,7
1017,disbelief,7
1018,outer,7
1019,creepi,7
1020,decad,7
1021,christma,7
1022,endless,7
1023,sunday,7
1024,realist,7
1025,america,7
1026,spectacular,7
1027,spare,7
1028,narrat,7
1029,undoubtedli,7
1030,embarrass,7
1031,shouldnt,7
1032,stand,7
1033,slight,7
1034,broken,7
1035,exist,7
1036,solomon,7
1037,asid,7
1038,reveal,7
1039,signific,7
1040,tast,7
1041,corrupt,7
1042,stuck,7
1043,clue,7
1044,consider,7
1045,miser,7
1046,nut,7
1047,perkin,7
1048,damn,7
1049,deal,7
1050,bare,7
1051,parti,7
1052,essenti,7
1053,mari,7
1054,amaz,7
1055,fascin,7
1056,itâ,7
1057,n,7
1058,segal,7
1059,song,7
1060,racial,7
1061,dedic,7
1062,imposs,7
1063,vital,7
1064,proper,7
1065,etc,7
1066,accid,7
1067,mother,7
1068,slightli,7
1069,pale,7
1070,lean,7
1071,slapstick,7
1072,particip,7
1073,stun,7
1074,dear,7
1075,suddenli,6
1076,porn,6
1077,reli,6
1078,rough,6
1079,lee,6
1080,richard,6
1081,robicheaux,6
1082,lesbian,6
1083,uneven,6
1084,shadow,6
1085,plain,6
1086,threaten,6
1087,nude,6
1088,desper,6
1089,pedestrian,6
1090,yeah,6
1091,kubrick,6
1092,unrecogniz,6
1093,remov,6
1094,devic,6
1095,alert,6
1096,insight,6
1097,curious,6
1098,forbidden,6
1099,teacher,6
1100,someday,6
1101,supernatur,6
1102,credibl,6
1103,hair,6
1104,spielberg,6
1105,comput,6
1106,prefer,6
1107,kept,6
1108,eat,6
1109,bite,6
1110,halfway,6
1111,hole,6
1112,respect,6
1113,storylin,6
1114,lyric,6
1115,monkey,6
1116,numb,6
1117,off,6
1118,regardless,6
1119,plot,6
1120,sandwich,6
1121,k,6
1122,invent,6
1123,mess,6
1124,largest,6
1125,switch,6
1126,lucki,6
1127,rant,6
1128,fox,6
1129,favorit,6
1130,warn,6
1131,somebodi,6
1132,nevertheless,6
1133,vinc,6
1134,trite,6
1135,eaten,6
1136,soundtrack,6
1137,san,6
1138,mystic,6
1139,nightbeast,6
1140,messag,6
1141,fabian,6
1142,massacr,6
1143,lazi,6
1144,bin,6
1145,import,6
1146,pointless,6
1147,hunter,6
1148,violenc,6
1149,atroci,6
1150,empti,6
1151,nervou,6
1152,portray,6
1153,ident,6
1154,basebal,6
1155,neglect,6
1156,wow,6
1157,favour,6
1158,unnecessarili,6
1159,lowest,6
1160,pete,6
1161,privat,6
1162,tactic,6
1163,vast,6
1164,tv,6
1165,guest,6
1166,satisfi,6
1167,factual,6
1168,ludicr,6
1169,par,6
1170,unfair,6
1171,prostitut,6
1172,downhil,6
1173,educ,6
1174,discern,6
1175,shark,6
1176,korean,6
1177,stuff,6
1178,swan,6
1179,surveil,6
1180,jump,6
1181,upper,6
1182,militari,6
1183,excus,6
1184,hospit,6
1185,bob,6
1186,randi,6
1187,hech,6
1188,pet,6
1189,nun,6
1190,gener,6
1191,gag,6
1192,receiv,6
1193,un,6
1194,nielsen,6
1195,porno,6
1196,colour,6
1197,vacat,6
1198,fear,6
1199,babi,6
1200,awak,6
1201,morn,6
1202,contain,6
1203,cinema,6
1204,doubl,6
1205,experienc,6
1206,woodward,6
1207,pleasant,6
1208,studi,6
1209,affect,6
1210,orient,6
1211,sam,6
1212,fifti,6
1213,latest,6
1214,enemi,6
1215,ear,6
1216,passabl,6
1217,proud,6
1218,fellini,6
1219,stale,6
1220,disast,5
1221,quiet,5
1222,backward,5
1223,nobl,5
1224,distribut,5
1225,readi,5
1226,secur,5
1227,citi,5
1228,larger,5
1229,hollow,5
1230,wall,5
1231,parodi,5
1232,altern,5
1233,handl,5
1234,unapp,5
1235,lesson,5
1236,decis,5
1237,combin,5
1238,rick,5
1239,crappi,5
1240,updat,5
1241,undercov,5
1242,child,5
1243,regret,5
1244,rescu,5
1245,scream,5
1246,twist,5
1247,trust,5
1248,becam,5
1249,suprem,5
1250,intern,5
1251,camp,5
1252,beethoven,5
1253,discov,5
1254,tom,5
1255,substanti,5
1256,bet,5
1257,susan,5
1258,junior,5
1259,fifth,5
1260,needless,5
1261,pure,5
1262,smith,5
1263,psychot,5
1264,theatr,5
1265,pretend,5
1266,grim,5
1267,hide,5
1268,drive,5
1269,pose,5
1270,luck,5
1271,civil,5
1272,interpret,5
1273,lord,5
1274,dislik,5
1275,vh,5
1276,killer,5
1277,creativ,5
1278,centuri,5
1279,thriller,5
1280,adrian,5
1281,religi,5
1282,absorb,5
1283,john,5
1284,pile,5
1285,underr,5
1286,gruesom,5
1287,sour,5
1288,fool,5
1289,nearest,5
1290,lesser,5
1291,shake,5
1292,pop,5
1293,sean,5
1294,distinct,5
1295,bold,5
1296,sat,5
1297,henc,5
1298,pretenti,5
1299,exagger,5
1300,drill,5
1301,blah,5
1302,multipl,5
1303,violat,5
1304,afghanistan,5
1305,ruin,5
1306,announc,5
1307,materi,5
1308,ambiti,5
1309,box,5
1310,unimagin,5
1311,content,5
1312,treat,5
1313,earnest,5
1314,cheaper,5
1315,jim,5
1316,unawar,5
1317,senior,5
1318,ala,5
1319,morgan,5
1320,possess,5
1321,stole,5
1322,perfectli,5
1323,seek,5
1324,lover,5
1325,ocean,5
1326,honestli,5
1327,post,5
1328,eden,5
1329,sergeant,5
1330,derek,5
1331,contriv,5
1332,uncut,5
1333,unorigin,5
1334,underwear,5
1335,window,5
1336,scifi,5
1337,dress,5
1338,girlfriend,5
1339,ex,5
1340,faith,5
1341,toxi,5
1342,prepar,5
1343,georg,5
1344,vocal,5
1345,highlight,5
1346,arab,5
1347,sentenc,5
1348,horrif,5
1349,urin,5
1350,context,5
1351,stupidest,5
1352,vs,5
1353,william,5
1354,tromavil,5
1355,banal,5
1356,poetic,5
1357,ouch,5
1358,blank,5
1359,undeserv,5
1360,set,5
1361,dismiss,5
1362,crew,5
1363,dive,5
1364,leg,5
1365,behind,5
1366,worthless,5
1367,spite,5
1368,closer,5
1369,ernest,5
1370,communist,5
1371,tortur,5
1372,bate,5
1373,unnatur,5
1374,sadi,5
1375,photographi,5
1376,warehous,5
1377,abandon,5
1378,forgiv,5
1379,independ,5
1380,raptur,5
1381,admit,5
1382,buck,5
1383,nielson,5
1384,guilti,5
1385,mile,5
1386,ethnic,5
1387,slap,5
1388,patrick,5
1389,felt,5
1390,suicid,5
1391,eager,5
1392,quest,5
1393,terrif,5
1394,assum,5
1395,sourc,5
1396,enchant,5
1397,lesli,5
1398,historian,5
1399,unsuspect,5
1400,background,5
1401,silenc,5
1402,head,5
1403,noir,5
1404,pleasur,5
1405,detract,5
1406,disgust,4
1407,horrifi,4
1408,verbal,4
1409,cancel,4
1410,differ,4
1411,yellow,4
1412,slumber,4
1413,humor,4
1414,pullman,4
1415,flashback,4
1416,ms,4
1417,genuin,4
1418,librari,4
1419,adult,4
1420,nerd,4
1421,underton,4
1422,pg,4
1423,edward,4
1424,anymor,4
1425,danger,4
1426,anal,4
1427,battl,4
1428,eccentr,4
1429,splatter,4
1430,heap,4
1431,accur,4
1432,endear,4
1433,cardboard,4
1434,depth,4
1435,rampant,4
1436,demean,4
1437,skin,4
1438,academi,4
1439,brian,4
1440,bewar,4
1441,heroin,4
1442,denni,4
1443,hopkin,4
1444,underli,4
1445,reflect,4
1446,heck,4
1447,victim,4
1448,lizzi,4
1449,lecter,4
1450,nonexist,4
1451,unsuccess,4
1452,sibl,4
1453,sequel,4
1454,drag,4
1455,shorter,4
1456,gaglia,4
1457,likabl,4
1458,rush,4
1459,adam,4
1460,remain,4
1461,overbear,4
1462,desert,4
1463,natali,4
1464,remot,4
1465,melodramat,4
1466,l,4
1467,eddi,4
1468,be,4
1469,magoo,4
1470,unrel,4
1471,identifi,4
1472,em,4
1473,charli,4
1474,indulg,4
1475,instrument,4
1476,harden,4
1477,deni,4
1478,neo,4
1479,arden,4
1480,fright,4
1481,flee,4
1482,nd,4
1483,lone,4
1484,ava,4
1485,gothic,4
1486,fulli,4
1487,ogden,4
1488,consum,4
1489,rehab,4
1490,protect,4
1491,surfac,4
1492,cheater,4
1493,biblic,4
1494,duplic,4
1495,chief,4
1496,valuabl,4
1497,bu,4
1498,lorr,4
1499,dub,4
1500,frankli,4
1501,occur,4
1502,admittedli,4
1503,list,4
1504,theater,4
1505,antic,4
1506,driven,4
1507,chuckl,4
1508,reach,4
1509,riddl,4
1510,shun,4
1511,amongst,4
1512,cameo,4
1513,beg,4
1514,clown,4
1515,unpleas,4
1516,michael,4
1517,blatant,4
1518,drink,4
1519,v,4
1520,sister,4
1521,insipid,4
1522,unsatisfi,4
1523,execut,4
1524,captur,4
1525,track,4
1526,alex,4
1527,angelika,4
1528,mst,4
1529,strict,4
1530,arm,4
1531,starter,4
1532,base,4
1533,thumb,4
1534,impact,4
1535,cultur,4
1536,nomine,4
1537,flow,4
1538,fix,4
1539,chevi,4
1540,hundr,4
1541,costum,4
1542,commerci,4
1543,memori,4
1544,promin,4
1545,obsess,4
1546,suffici,4
1547,duncan,4
1548,astronaut,4
1549,expert,4
1550,willi,4
1551,borrow,4
1552,unreal,4
1553,overlong,4
1554,astair,4
1555,insert,4
1556,wors,4
1557,lookalik,4
1558,titular,4
1559,unseen,4
1560,thrill,4
1561,egyptian,4
1562,topless,4
1563,humour,4
1564,influenc,4
1565,saturday,4
1566,abil,4
1567,aim,4
1568,untru,4
1569,faster,4
1570,wynorski,4
1571,ira,4
1572,ha,4
1573,parallel,4
1574,load,4
1575,seemingli,4
1576,knock,4
1577,hoskin,4
1578,creep,4
1579,inept,4
1580,max,4
1581,requir,4
1582,warm,4
1583,behavior,4
1584,nod,4
1585,peac,4
1586,reveng,4
1587,sophist,4
1588,shirt,4
1589,acacia,4
1590,newest,4
1591,cobra,4
1592,select,4
1593,frantic,4
1594,astonish,4
1595,untouch,4
1596,delight,4
1597,mute,4
1598,tie,4
1599,friendli,4
1600,casual,4
1601,uniform,4
1602,polit,4
1603,ah,4
1604,wet,4
1605,retard,4
1606,train,4
1607,count,4
1608,wayn,4
1609,settl,4
1610,reappear,4
1611,chic,4
1612,compos,4
1613,disney,4
1614,convey,4
1615,belov,4
1616,kinda,4
1617,scarier,4
1618,shock,4
1619,flash,4
1620,urg,4
1621,crap,4
1622,unstopp,4
1623,strangest,4
1624,doubt,4
1625,frog,4
1626,dirti,4
1627,mainli,4
1628,motiv,4
1629,uwe,4
1630,dog,4
1631,paid,4
1632,swallow,4
1633,shame,4
1634,gotten,4
1635,magician,4
1636,unattract,4
1637,legit,4
1638,iq,4
1639,attitud,4
1640,sadist,4
1641,hire,4
1642,texa,4
1643,agent,4
1644,unfold,4
1645,instinct,4
1646,sympathet,4
1647,angela,4
1648,overweight,4
1649,inferior,4
1650,soul,4
1651,support,4
1652,muddl,4
1653,abus,4
1654,snl,4
1655,increas,4
1656,token,4
1657,push,4
1658,tripe,4
1659,declar,4
1660,leather,4
1661,handsom,4
1662,engag,4
1663,purchas,4
1664,ussr,4
1665,ham,4
1666,pal,4
1667,energi,4
1668,opposit,4
1669,belief,4
1670,sens,4
1671,skull,4
1672,haunt,4
1673,picnic,4
1674,masterpiec,4
1675,yard,4
1676,adama,4
1677,mummi,4
1678,lol,4
1679,apocalypt,4
1680,natasha,4
1681,kove,4
1682,snow,4
1683,fortun,4
1684,shine,4
1685,squish,4
1686,newli,4
1687,capabl,4
1688,pay,4
1689,disguis,4
1690,drake,4
1691,solv,4
1692,gritti,4
1693,understood,4
1694,dean,4
1695,languag,4
1696,appropri,4
1697,forgett,4
1698,nag,3
1699,convert,3
1700,form,3
1701,mouth,3
1702,palestinian,3
1703,scott,3
1704,hitchcock,3
1705,els,3
1706,mighti,3
1707,naxalit,3
1708,sloppi,3
1709,rewritten,3
1710,unidentifi,3
1711,loeb,3
1712,newspap,3
1713,radiat,3
1714,unjustli,3
1715,underdog,3
1716,closest,3
1717,avail,3
1718,promot,3
1719,voight,3
1720,explan,3
1721,east,3
1722,straub,3
1723,foster,3
1724,offend,3
1725,addict,3
1726,iren,3
1727,aussi,3
1728,infect,3
1729,mom,3
1730,structur,3
1731,ship,3
1732,franki,3
1733,vaughn,3
1734,wrestl,3
1735,materialist,3
1736,satan,3
1737,illus,3
1738,challeng,3
1739,mediev,3
1740,round,3
1741,ridden,3
1742,drown,3
1743,repeat,3
1744,preachi,3
1745,unwatch,3
1746,runaway,3
1747,bibl,3
1748,mimi,3
1749,embarrassingli,3
1750,loser,3
1751,prevent,3
1752,ami,3
1753,spark,3
1754,pow,3
1755,rise,3
1756,exud,3
1757,tobi,3
1758,face,3
1759,summari,3
1760,macho,3
1761,encourag,3
1762,focus,3
1763,illeg,3
1764,taxi,3
1765,fisher,3
1766,itll,3
1767,match,3
1768,seventi,3
1769,assist,3
1770,tour,3
1771,letdown,3
1772,meatbal,3
1773,trap,3
1774,submarin,3
1775,e,3
1776,nope,3
1777,hyster,3
1778,shakespear,3
1779,nearbi,3
1780,tend,3
1781,dysfunct,3
1782,isabel,3
1783,republican,3
1784,unexplain,3
1785,buddi,3
1786,instant,3
1787,inher,3
1788,fetch,3
1789,loft,3
1790,partli,3
1791,terrifi,3
1792,subtleti,3
1793,upon,3
1794,got,3
1795,illustr,3
1796,trivial,3
1797,literari,3
1798,street,3
1799,unworthi,3
1800,opportun,3
1801,singular,3
1802,vern,3
1803,dant,3
1804,regard,3
1805,twin,3
1806,satir,3
1807,unconvent,3
1808,oft,3
1809,bloodlin,3
1810,smithe,3
1811,tcm,3
1812,vanquish,3
1813,dust,3
1814,burial,3
1815,warden,3
1816,jaw,3
1817,crude,3
1818,magnific,3
1819,nauseat,3
1820,echo,3
1821,fart,3
1822,smallest,3
1823,smaller,3
1824,theresa,3
1825,individu,3
1826,inconceiv,3
1827,alright,3
1828,panic,3
1829,butt,3
1830,elect,3
1831,avid,3
1832,alcatraz,3
1833,unexpect,3
1834,bbc,3
1835,tommi,3
1836,awaken,3
1837,helicopt,3
1838,hostag,3
1839,narrow,3
1840,austen,3
1841,gratuit,3
1842,damian,3
1843,nbc,3
1844,ron,3
1845,stab,3
1846,forti,3
1847,outrag,3
1848,screenwrit,3
1849,quot,3
1850,mindless,3
1851,pain,3
1852,upsid,3
1853,w,3
1854,stare,3
1855,attend,3
1856,squad,3
1857,lacklust,3
1858,delv,3
1859,linear,3
1860,plastic,3
1861,frank,3
1862,dri,3
1863,stupidli,3
1864,unlucki,3
1865,albert,3
1866,navi,3
1867,nasa,3
1868,mutant,3
1869,spiderman,3
1870,bitten,3
1871,neck,3
1872,danc,3
1873,finger,3
1874,shortli,3
1875,flop,3
1876,blackwat,3
1877,sheep,3
1878,lamberto,3
1879,dare,3
1880,ice,3
1881,nostalgia,3
1882,patient,3
1883,milian,3
1884,erot,3
1885,chan,3
1886,tong,3
1887,louisiana,3
1888,unconsci,3
1889,marriag,3
1890,associ,3
1891,bava,3
1892,cinematographi,3
1893,contemporari,3
1894,sotl,3
1895,absent,3
1896,oldman,3
1897,caricatur,3
1898,daili,3
1899,starl,3
1900,overhead,3
1901,improvis,3
1902,grade,3
1903,jail,3
1904,categori,3
1905,besid,3
1906,festiv,3
1907,iron,3
1908,choral,3
1909,cake,3
1910,deliveri,3
1911,silver,3
1912,min,3
1913,lucian,3
1914,odett,3
1915,northern,3
1916,outlandish,3
1917,easier,3
1918,commun,3
1919,sappi,3
1920,underneath,3
1921,ghost,3
1922,unintend,3
1923,russia,3
1924,meltdown,3
1925,subsequ,3
1926,earliest,3
1927,inabl,3
1928,overwhelm,3
1929,melodi,3
1930,anybodi,3
1931,android,3
1932,galaxina,3
1933,punchlin,3
1934,vagu,3
1935,initi,3
1936,rang,3
1937,annett,3
1938,catch,3
1939,swim,3
1940,exposur,3
1941,disturb,3
1942,implement,3
1943,ryan,3
1944,turner,3
1945,frozen,3
1946,ya,3
1947,chemic,3
1948,paus,3
1949,laughter,3
1950,chick,3
1951,dig,3
1952,presum,3
1953,oklahoma,3
1954,hayden,3
1955,betray,3
1956,psychic,3
1957,render,3
1958,ideal,3
1959,archiv,3
1960,tarzan,3
1961,document,3
1962,exercis,3
1963,oliv,3
1964,sight,3
1965,wind,3
1966,worn,3
1967,ran,3
1968,exorcist,3
1969,wiley,3
1970,tent,3
1971,gut,3
1972,robin,3
1973,societi,3
1974,control,3
1975,intend,3
1976,theme,3
1977,tediou,3
1978,theori,3
1979,honor,3
1980,blockbust,3
1981,repetit,3
1982,sceneri,3
1983,arliss,3
1984,deterior,3
1985,prison,3
1986,nicknam,3
1987,uzi,3
1988,manic,3
1989,silhouett,3
1990,p,3
1991,al,3
1992,rachael,3
1993,inject,3
1994,lisa,3
1995,articl,3
1996,yell,3
1997,charm,3
1998,tick,3
1999,engin,3
2000,pacif,3
2001,bernard,3
2002,resembl,3
2003,explod,3
2004,refer,3
2005,oldest,3
2006,eleventh,3
2007,dual,3
2008,nomin,3
2009,weakest,3
2010,encount,3
2011,fraser,3
2012,ward,3
2013,brooklyn,3
2014,concept,3
2015,co,3
2016,impli,3
2017,propaganda,3
2018,melodrama,3
2019,slowli,3
2020,footbal,3
2021,abrupt,3
2022,ric,3
2023,utilis,3
2024,flip,3
2025,arrest,3
2026,propel,3
2027,fetish,3
2028,inner,3
2029,wrap,3
2030,simpson,3
2031,aka,3
2032,crystal,3
2033,proven,3
2034,oscar,3
2035,narcissist,3
2036,ordinari,3
2037,disc,3
2038,basketbal,3
2039,uk,3
2040,thug,3
2041,broadway,3
2042,dern,3
2043,eileen,3
2044,dorothi,3
2045,unwant,3
2046,entri,3
2047,nap,3
2048,click,3
2049,lifetim,3
2050,intro,3
2051,hart,3
2052,creepiest,3
2053,tyra,3
2054,outdat,3
2055,specif,3
2056,homicid,3
2057,underdevelop,3
2058,oppos,3
2059,burn,3
2060,troma,3
2061,glori,3
2062,filthi,3
2063,inflat,3
2064,gee,3
2065,mega,3
2066,endur,3
2067,stellar,3
2068,reward,3
2069,witti,3
2070,bleak,3
2071,tune,3
2072,bought,3
2073,camper,3
2074,perspect,3
2075,piss,3
2076,grave,3
2077,neighbor,3
2078,uncredit,3
2079,uniformli,3
2080,club,3
2081,harder,3
2082,protagonist,3
2083,semi,3
2084,germani,3
2085,gradual,3
2086,bronson,3
2087,blow,3
2088,chose,3
2089,impregn,3
2090,bumbl,3
2091,prospect,3
2092,truth,3
2093,firebal,3
2094,maniac,3
2095,slick,3
2096,daughter,3
2097,applaud,3
2098,pan,3
2099,sensibl,3
2100,directli,3
2101,rank,3
2102,secretari,3
2103,spous,3
2104,bell,3
2105,nail,3
2106,wick,3
2107,stronger,3
2108,bloodi,3
2109,biographi,3
2110,crucial,3
2111,loyal,3
2112,meant,3
2113,eighti,3
2114,wander,3
2115,suffic,3
2116,cheapest,3
2117,ii,3
2118,fulfil,3
2119,sfx,3
2120,son,3
2121,servant,3
2122,stood,3
2123,forgot,3
2124,lake,3
2125,noteworthi,3
2126,paranoid,3
2127,aforement,3
2128,wipe,3
2129,eagerli,3
2130,radic,3
2131,wit,3
2132,dahl,3
2133,makeup,3
2134,howard,3
2135,plan,3
2136,paul,3
2137,pro,3
2138,climact,3
2139,couldv,3
2140,permiss,3
2141,suppli,3
2142,slower,3
2143,shue,3
2144,center,3
2145,nyc,3
2146,upstag,3
2147,signal,3
2148,assur,3
2149,interact,3
2150,thoma,3
2151,cosmic,3
2152,argu,3
2153,commit,3
2154,murder,3
2155,puzzl,3
2156,intric,3
2157,sidekick,3
2158,hopeless,3
2159,mention,3
2160,advantag,3
2161,squeez,3
2162,lest,3
2163,scale,3
2164,afor,3
2165,inmat,3
2166,limp,3
2167,observ,3
2168,clad,3
2169,chest,3
2170,emphasi,3
2171,hero,3
2172,clumsi,3
2173,arnold,2
2174,autopsi,2
2175,haircut,2
2176,silliest,2
2177,karaok,2
2178,schedul,2
2179,snowbal,2
2180,edgi,2
2181,forsyth,2
2182,drama,2
2183,erotic,2
2184,activ,2
2185,photo,2
2186,greek,2
2187,irresist,2
2188,guardian,2
2189,tribut,2
2190,snail,2
2191,artless,2
2192,deadli,2
2193,whenev,2
2194,instanc,2
2195,drunken,2
2196,elit,2
2197,contradict,2
2198,stan,2
2199,accompani,2
2200,belushi,2
2201,pillow,2
2202,aint,2
2203,torment,2
2204,ivan,2
2205,antonio,2
2206,singaporean,2
2207,fabric,2
2208,lore,2
2209,strut,2
2210,ferrigno,2
2211,fiancã,2
2212,cravat,2
2213,preposter,2
2214,yanci,2
2215,veteran,2
2216,nightkil,2
2217,realis,2
2218,overr,2
2219,enrag,2
2220,isaiah,2
2221,pearl,2
2222,embellish,2
2223,deeper,2
2224,home,2
2225,globu,2
2226,formerli,2
2227,disregard,2
2228,trek,2
2229,tongu,2
2230,reaper,2
2231,faux,2
2232,hopper,2
2233,incoher,2
2234,amiss,2
2235,mask,2
2236,yep,2
2237,pseudonym,2
2238,hardest,2
2239,awri,2
2240,snap,2
2241,ray,2
2242,upright,2
2243,dirt,2
2244,hawaiian,2
2245,unexpectedli,2
2246,agar,2
2247,thirst,2
2248,christoph,2
2249,relic,2
2250,lou,2
2251,pimpl,2
2252,bs,2
2253,poster,2
2254,glow,2
2255,grenier,2
2256,cart,2
2257,nintendo,2
2258,across,2
2259,rout,2
2260,unengag,2
2261,canal,2
2262,mythic,2
2263,spaghetti,2
2264,ausent,2
2265,julia,2
2266,kinki,2
2267,launch,2
2268,latin,2
2269,manual,2
2270,escal,2
2271,dunaway,2
2272,disconnect,2
2273,leaden,2
2274,steer,2
2275,circl,2
2276,conscienc,2
2277,speed,2
2278,legaci,2
2279,skimp,2
2280,wether,2
2281,detect,2
2282,johnni,2
2283,underwritten,2
2284,undeni,2
2285,ordeal,2
2286,katona,2
2287,evan,2
2288,travesti,2
2289,estat,2
2290,deathb,2
2291,lethal,2
2292,contribut,2
2293,chair,2
2294,minim,2
2295,unforgiv,2
2296,michel,2
2297,mctavish,2
2298,optimist,2
2299,scientist,2
2300,evad,2
2301,op,2
2302,leftov,2
2303,unravel,2
2304,wisconsin,2
2305,sickeningli,2
2306,kim,2
2307,humbl,2
2308,steroid,2
2309,dna,2
2310,format,2
2311,gina,2
2312,contact,2
2313,neighborhood,2
2314,oddest,2
2315,distant,2
2316,fewer,2
2317,teas,2
2318,unenlighten,2
2319,cue,2
2320,likeabl,2
2321,manhattan,2
2322,master,2
2323,hill,2
2324,craven,2
2325,erica,2
2326,rag,2
2327,undemand,2
2328,laser,2
2329,intimid,2
2330,prais,2
2331,nutshel,2
2332,smoke,2
2333,abysm,2
2334,deuc,2
2335,salad,2
2336,jew,2
2337,pari,2
2338,packag,2
2339,butterfli,2
2340,passiv,2
2341,infest,2
2342,bump,2
2343,larri,2
2344,shrill,2
2345,financi,2
2346,downright,2
2347,evolv,2
2348,graham,2
2349,conceiv,2
2350,hallway,2
2351,gunshot,2
2352,cheer,2
2353,bruce,2
2354,career,2
2355,rocki,2
2356,hammi,2
2357,walkway,2
2358,cram,2
2359,venic,2
2360,outfit,2
2361,mart,2
2362,devoid,2
2363,technician,2
2364,diminut,2
2365,distinguish,2
2366,oreegon,2
2367,expos,2
2368,hang,2
2369,till,2
2370,invalid,2
2371,progress,2
2372,pontypool,2
2373,formal,2
2374,distinctli,2
2375,endlessli,2
2376,kahn,2
2377,offer,2
2378,waysid,2
2379,shortest,2
2380,pray,2
2381,falscher,2
2382,youth,2
2383,cleopatra,2
2384,garag,2
2385,fishi,2
2386,shoddi,2
2387,simultan,2
2388,strangl,2
2389,wimpi,2
2390,iii,2
2391,eagl,2
2392,cabl,2
2393,sunshin,2
2394,harold,2
2395,jumbo,2
2396,vincent,2
2397,suspend,2
2398,dinosaur,2
2399,swiss,2
2400,hose,2
2401,poke,2
2402,showtim,2
2403,slum,2
2404,nipar,2
2405,photograph,2
2406,emerg,2
2407,dish,2
2408,pass,2
2409,employ,2
2410,opu,2
2411,stuart,2
2412,cross,2
2413,meaningless,2
2414,negat,2
2415,orangutan,2
2416,unshaven,2
2417,equival,2
2418,tyrant,2
2419,beast,2
2420,enthusiast,2
2421,counteract,2
2422,viciou,2
2423,obligatori,2
2424,graviti,2
2425,unwil,2
2426,shuttl,2
2427,nemesi,2
2428,inclus,2
2429,vapid,2
2430,inappropri,2
2431,magazin,2
2432,ranch,2
2433,waist,2
2434,join,2
2435,heat,2
2436,elimin,2
2437,vomit,2
2438,thinnest,2
2439,eastern,2
2440,psalm,2
2441,teach,2
2442,academ,2
2443,cruel,2
2444,countri,2
2445,feminin,2
2446,tip,2
2447,sent,2
2448,usag,2
2449,halt,2
2450,banish,2
2451,belli,2
2452,laundri,2
2453,russo,2
2454,maher,2
2455,reel,2
2456,text,2
2457,amok,2
2458,out,2
2459,sf,2
2460,irrelev,2
2461,envi,2
2462,lighter,2
2463,satisfact,2
2464,fussi,2
2465,accus,2
2466,extent,2
2467,descript,2
2468,heroic,2
2469,youngest,2
2470,pederast,2
2471,employe,2
2472,et,2
2473,spectat,2
2474,mawkish,2
2475,disgrac,2
2476,apprentic,2
2477,characteris,2
2478,sleigh,2
2479,lmerchant,2
2480,grandma,2
2481,regal,2
2482,catchi,2
2483,ampl,2
2484,undress,2
2485,trashi,2
2486,cubic,2
2487,ritual,2
2488,nameless,2
2489,incompet,2
2490,naff,2
2491,oblivion,2
2492,quaid,2
2493,russel,2
2494,sacrific,2
2495,sarah,2
2496,anger,2
2497,yagher,2
2498,alleg,2
2499,catastroph,2
2500,occas,2
2501,surgeri,2
2502,outta,2
2503,necess,2
2504,erm,2
2505,drop,2
2506,incap,2
2507,resolv,2
2508,inherit,2
2509,cheat,2
2510,roy,2
2511,guarante,2
2512,hunt,2
2513,lin,2
2514,privileg,2
2515,wise,2
2516,door,2
2517,behaviour,2
2518,upris,2
2519,salwar,2
2520,parisian,2
2521,unsettl,2
2522,brilliantli,2
2523,ravish,2
2524,curs,2
2525,nanci,2
2526,bug,2
2527,geniu,2
2528,visibl,2
2529,repel,2
2530,olen,2
2531,unforgett,2
2532,x,2
2533,explor,2
2534,lurid,2
2535,presenc,2
2536,reckless,2
2537,unreason,2
2538,bimbo,2
2539,detroit,2
2540,youngster,2
2541,subtl,2
2542,charg,2
2543,thier,2
2544,sampl,2
2545,strongest,2
2546,sillier,2
2547,dian,2
2548,disrupt,2
2549,peculiar,2
2550,dose,2
2551,nanni,2
2552,radioact,2
2553,nato,2
2554,occupi,2
2555,marvel,2
2556,dietrich,2
2557,utah,2
2558,mill,2
2559,injur,2
2560,miniatur,2
2561,cooper,2
2562,depp,2
2563,org,2
2564,spread,2
2565,obes,2
2566,proceed,2
2567,stumbl,2
2568,assault,2
2569,deriv,2
2570,motwani,2
2571,h,2
2572,contempt,2
2573,servic,2
2574,babbl,2
2575,furthermor,2
2576,substandard,2
2577,legendari,2
2578,obtain,2
2579,coogan,2
2580,antoni,2
2581,sport,2
2582,impetu,2
2583,simplist,2
2584,shogun,2
2585,arc,2
2586,neverland,2
2587,arthur,2
2588,enter,2
2589,vega,2
2590,grate,2
2591,romanc,2
2592,stewart,2
2593,gal,2
2594,elabor,2
2595,plausibl,2
2596,jungl,2
2597,nobil,2
2598,nappi,2
2599,bulli,2
2600,legend,2
2601,campfir,2
2602,orlean,2
2603,mutual,2
2604,dave,2
2605,accident,2
2606,highway,2
2607,oatmeal,2
2608,giggl,2
2609,willard,2
2610,nonsens,2
2611,taverni,2
2612,dullest,2
2613,fictiti,2
2614,suffer,2
2615,joey,2
2616,tantal,2
2617,repeatedli,2
2618,orphan,2
2619,spoil,2
2620,hamish,2
2621,spell,2
2622,ali,2
2623,korea,2
2624,frenzi,2
2625,sentiment,2
2626,wannab,2
2627,project,2
2628,rd,2
2629,tini,2
2630,outweigh,2
2631,crazier,2
2632,cucumb,2
2633,fanat,2
2634,oven,2
2635,mantra,2
2636,sake,2
2637,hansika,2
2638,mesh,2
2639,repris,2
2640,claric,2
2641,niven,2
2642,sterl,2
2643,pressur,2
2644,substant,2
2645,paint,2
2646,polici,2
2647,lamp,2
2648,layer,2
2649,torrid,2
2650,entitl,2
2651,screw,2
2652,tall,2
2653,glorious,2
2654,goofi,2
2655,ingredi,2
2656,conroy,2
2657,woven,2
2658,uneduc,2
2659,slice,2
2660,tendenc,2
2661,elicit,2
2662,gusto,2
2663,gustoâ,2
2664,tag,2
2665,moor,2
2666,rob,2
2667,therapi,2
2668,shoe,2
2669,spi,2
2670,contend,2
2671,ouija,2
2672,faulti,2
2673,extend,2
2674,realm,2
2675,wake,2
2676,chemistri,2
2677,elm,2
2678,delus,2
2679,garcia,2
2680,aiden,2
2681,strive,2
2682,angst,2
2683,rule,2
2684,error,2
2685,subway,2
2686,startl,2
2687,undead,2
2688,core,2
2689,nichola,2
2690,simmon,2
2691,atkin,2
2692,happili,2
2693,cal,2
2694,fade,2
2695,alcohol,2
2696,slip,2
2697,wich,2
2698,though,2
2699,lloyd,2
2700,dutch,2
2701,absenc,2
2702,timeless,2
2703,respond,2
2704,tux,2
2705,threw,2
2706,giphart,2
2707,toxic,2
2708,benefit,2
2709,erven,2
2710,ebert,2
2711,sneak,2
2712,exchang,2
2713,netherland,2
2714,cent,2
2715,unhealthi,2
2716,sane,2
2717,gangster,2
2718,modest,2
2719,rhyme,2
2720,vicious,2
2721,hassan,2
2722,unsympathet,2
2723,fairi,2
2724,spill,2
2725,coffe,2
2726,greedi,2
2727,cheesiest,2
2728,formid,2
2729,isra,2
2730,untal,2
2731,dim,2
2732,inch,2
2733,q,2
2734,tire,2
2735,hello,2
2736,divin,2
2737,lipstick,2
2738,intox,2
2739,smirk,2
2740,bash,2
2741,aloud,2
2742,wider,2
2743,info,2
2744,shut,2
2745,dame,2
2746,mightv,2
2747,den,2
2748,sheen,2
2749,offens,2
2750,linger,2
2751,prop,2
2752,uh,2
2753,cheesier,2
2754,induc,2
2755,aspir,2
2756,assassin,2
2757,uneasi,2
2758,sweeti,2
2759,mug,2
2760,neighbour,2
2761,blade,2
2762,disagre,2
2763,unhappi,2
2764,smash,2
2765,unexcit,2
2766,tasteless,2
2767,merci,2
2768,knot,2
2769,agoni,2
2770,mchale,2
2771,fugit,2
2772,outcom,2
2773,sicken,2
2774,batman,2
2775,anderson,2
2776,util,2
2777,rutger,2
2778,superhero,2
2779,despis,2
2780,narcot,2
2781,toe,2
2782,talki,2
2783,alli,2
2784,crack,2
2785,holiday,2
2786,iraqi,2
2787,grey,2
2788,sword,2
2789,earn,2
2790,satisfactori,2
2791,nostalg,2
2792,moreov,2
2793,void,2
2794,wardrob,2
2795,epp,2
2796,underscor,2
2797,hung,2
2798,prolong,2
2799,viru,2
2800,squeamish,2
2801,aerial,2
2802,insect,2
2803,gum,2
2804,outdoor,2
2805,tempt,2
2806,page,2
2807,seymour,2
2808,farina,2
2809,giovanni,2
2810,b,2
2811,dishonest,2
2812,leech,2
2813,til,2
2814,disown,2
2815,emili,2
2816,critter,2
2817,near,2
2818,publish,2
2819,shirley,2
2820,behav,2
2821,shrug,2
2822,complain,2
2823,rightli,2
2824,newton,2
2825,attach,2
2826,peter,2
2827,charismat,2
2828,nicest,2
2829,grandmoth,2
2830,bruno,2
2831,uncov,2
2832,cathol,2
2833,telephon,2
2834,chosen,2
2835,sherman,2
2836,edit,2
2837,stilt,2
2838,wallow,2
2839,pool,2
2840,witch,2
2841,enthusiasm,2
2842,bong,2
2843,attack,2
2844,fuel,2
2845,subtitl,2
2846,seppuku,2
2847,pamela,2
2848,zest,2
2849,spleen,2
2850,tenth,2
2851,epic,2
2852,julian,2
2853,whimsic,2
2854,none,2
2855,celluloid,2
2856,dkc,2
2857,financ,2
2858,result,2
2859,allevi,2
2860,cedric,2
2861,beneath,2
2862,stoog,2
2863,routin,2
2864,matt,2
2865,urban,2
2866,scan,2
2867,raw,2
2868,refresh,2
2869,sadler,2
2870,demonstr,2
2871,joint,2
2872,enorm,2
2873,ummm,2
2874,roger,2
2875,inan,2
2876,sixth,2
2877,intellectu,2
2878,addit,2
2879,consequ,2
2880,genr,2
2881,entic,2
2882,countrysid,2
2883,cannib,2
2884,selfish,2
2885,falsifi,2
2886,pencil,2
2887,deceiv,2
2888,svankmey,2
2889,filipino,2
2890,hideous,2
2891,marian,2
2892,arguabl,2
2893,artifici,2
2894,argument,2
2895,tittl,2
2896,frustrat,2
2897,unsurpris,2
2898,limit,2
2899,strongli,2
2900,measur,2
2901,consciou,2
2902,ghostli,2
2903,toni,2
2904,mous,2
2905,btw,2
2906,shove,2
2907,tail,2
2908,vigilant,2
2909,naval,2
2910,recognit,2
2911,lynch,2
2912,techniqu,2
2913,sleazi,2
2914,applic,2
2915,mumbl,2
2916,exert,2
2917,wig,2
2918,neeson,2
2919,kiddi,2
2920,transform,2
2921,keen,2
2922,reduc,2
2923,sothern,2
2924,revel,2
2925,dude,2
2926,manifest,2
2927,statten,2
2928,premier,2
2929,offici,2
2930,unclaim,2
2931,kathleen,2
2932,dream,2
2933,unsupport,2
2934,spacebal,2
2935,orthodox,2
2936,rel,2
2937,obscur,2
2938,mel,2
2939,notori,2
2940,equip,2
2941,holier,2
2942,syphili,2
2943,injustic,2
2944,nurs,2
2945,robot,2
2946,showgirl,2
2947,waitress,2
2948,recov,2
2949,tap,2
2950,narrowli,2
2951,seat,2
2952,lofgren,2
2953,nil,2
2954,olivia,2
2955,mickey,2
2956,foul,2
2957,hoper,2
2958,vaniti,2
2959,hunk,2
2960,fold,2
2961,burnt,2
2962,fault,2
2963,phoni,2
2964,overshadow,2
2965,conveni,2
2966,insult,2
2967,lila,2
2968,spirit,2
2969,drab,2
2970,scattershot,2
2971,scratch,2
2972,unrat,2
2973,crook,2
2974,randomli,2
2975,upward,2
2976,cough,2
2977,warrant,2
2978,fire,2
2979,excruci,2
2980,madden,2
2981,amrish,2
2982,darn,2
2983,birthday,2
2984,unpredict,2
2985,emeril,2
2986,ghoulish,2
2987,kamal,2
2988,spooki,2
2989,weill,2
2990,atlanta,2
2991,stunk,2
2992,atroc,2
2993,oral,2
2994,waltz,2
2995,kyle,2
2996,chilean,2
2997,thankless,2
2998,van,2
2999,plainfield,2
3000,eleven,2
3001,hitchcockian,2
3002,finest,2
3003,thu,2
3004,ng,2
3005,proof,2
3006,concentr,2
3007,heavili,2
3008,limo,2
3009,selena,2
3010,dick,2
3011,deputi,2
3012,wore,2
3013,length,2
3014,weep,2
3015,adequ,2
3016,suav,2
3017,audio,2
3018,gorgeou,2
3019,ador,2
3020,lana,2
3021,scalpel,2
3022,admiss,2
3023,remad,2
3024,infam,2
3025,gigant,2
3026,soviet,2
3027,eve,2
3028,hack,2
3029,unoffici,2
3030,wang,2
3031,derang,2
3032,fever,2
3033,menzi,2
3034,reject,2
3035,recogn,2
3036,unorthodox,2
3037,skree,2
3038,flame,2
3039,brave,2
3040,sixti,2
3041,looni,2
3042,grasp,2
3043,armageddon,2
3044,australia,2
3045,juan,2
3046,unintellig,2
3047,novak,2
3048,air,2
3049,arbitrarili,2
3050,superflu,2
3051,glide,2
3052,surgic,2
3053,incestu,2
3054,fuller,2
3055,stretch,2
3056,downtown,2
3057,drastic,2
3058,beach,2
3059,ninth,2
3060,versu,2
3061,assembl,2
3062,dictionari,2
3063,conway,2
3064,amazingli,2
3065,polish,2
3066,perpetu,2
3067,olga,2
3068,uplift,2
3069,depart,2
3070,aveng,2
3071,revolv,2
3072,ulyss,2
3073,ambul,2
3074,oooppp,2
3075,wanna,2
3076,faint,2
3077,subtli,2
3078,sunni,2
3079,ambush,2
3080,thespian,2
3081,notion,2
3082,rectal,2
3083,known,2
3084,secondli,2
3085,divorc,2
3086,unbalanc,2
3087,stray,2
3088,trick,2
3089,fieri,2
3090,factori,2
3091,blair,2
3092,wee,2
3093,exec,2
3094,furiou,2
3095,thru,2
3096,sublim,2
3097,enniskillen,2
3098,clip,2
3099,dougla,2
3100,renaiss,2
3101,alison,2
3102,resurrect,2
3103,philip,2
3104,joke,2
3105,sarcast,2
3106,mum,2
3107,divid,2
3108,ensu,2
3109,houston,2
3110,feather,2
3111,lovabl,2
3112,loop,2
3113,antifreez,2
3114,arrog,2
3115,blast,2
3116,nutti,2
3117,henri,2
3118,preach,2
3119,pride,2
3120,kennedi,2
3121,princ,2
3122,adjust,2
3123,islam,2
3124,candid,2
3125,chilenian,2
3126,inflect,2
3127,morgu,2
3128,elderli,2
3129,nineti,2
3130,applaus,2
3131,natascha,2
3132,introduct,2
3133,inexplic,2
3134,unprofession,2
3135,fray,2
3136,lift,2
3137,belmont,2
3138,sabotag,2
3139,pursu,2
3140,overdos,2
3141,lit,2
3142,degre,2
3143,necklac,2
3144,tonight,2
3145,strip,2
3146,charl,2
3147,senseless,2
3148,thread,2
3149,patron,2
3150,atheist,2
3151,pple,2
3152,sign,2
3153,stark,2
3154,molest,2
3155,affluent,2
3156,slant,2
3157,foremost,2
3158,mobster,2
3159,team,2
3160,facil,2
3161,newborn,2
3162,neal,2
3163,slog,2
3164,static,2
3165,relev,2
3166,awl,2
3167,violinist,2
3168,straightforward,2
3169,suburban,2
3170,choo,2
3171,jest,2
3172,riski,2
3173,feed,2
3174,wive,2
3175,restrain,2
3176,voyag,2
3177,whilst,2
3178,guttenberg,2
3179,spike,2
3180,dabo,2
3181,predominantli,2
3182,titan,2
3183,net,2
3184,pub,2
3185,christ,2
3186,uncal,2
3187,whorehous,2
3188,whaddaya,2
3189,muster,2
3190,reluctantli,2
3191,intermin,2
3192,octopu,2
3193,overt,2
3194,reviv,2
3195,cat,2
3196,eyebal,2
3197,seaview,2
3198,constitut,2
3199,danni,2
3200,superhuman,1
3201,lunat,1
3202,avari,1
3203,childlik,1
3204,bastard,1
3205,descent,1
3206,extract,1
3207,beli,1
3208,underag,1
3209,somesort,1
3210,impecuni,1
3211,umbrella,1
3212,insomniac,1
3213,slapper,1
3214,admin,1
3215,spin,1
3216,timeg,1
3217,sponsor,1
3218,scenc,1
3219,monstrou,1
3220,uneffect,1
3221,gimmick,1
3222,lighthead,1
3223,flatter,1
3224,fey,1
3225,stylis,1
3226,shite,1
3227,kamerl,1
3228,embarris,1
3229,wannabe,1
3230,desk,1
3231,untruth,1
3232,pauciti,1
3233,hater,1
3234,nuanc,1
3235,flamboy,1
3236,soooo,1
3237,redon,1
3238,hennri,1
3239,verhoeven,1
3240,unexperienc,1
3241,pinch,1
3242,abroad,1
3243,england,1
3244,bitchi,1
3245,ol,1
3246,constrain,1
3247,shatter,1
3248,verifi,1
3249,beforehand,1
3250,alfr,1
3251,juliann,1
3252,myth,1
3253,perch,1
3254,baloney,1
3255,defect,1
3256,madhous,1
3257,convincingli,1
3258,strode,1
3259,cataton,1
3260,uganda,1
3261,cmon,1
3262,marcial,1
3263,cockpit,1
3264,sway,1
3265,canari,1
3266,sniff,1
3267,sunscreen,1
3268,scaringli,1
3269,disproven,1
3270,importantli,1
3271,scrimm,1
3272,confin,1
3273,stalk,1
3274,alter,1
3275,solidar,1
3276,filmographi,1
3277,sh,1
3278,catherin,1
3279,cloud,1
3280,shaun,1
3281,leila,1
3282,laura,1
3283,nl,1
3284,doren,1
3285,bookish,1
3286,psychoact,1
3287,creepier,1
3288,moon,1
3289,rome,1
3290,sentri,1
3291,cano,1
3292,screwi,1
3293,estim,1
3294,knive,1
3295,phoenix,1
3296,policeman,1
3297,photocopi,1
3298,intermiss,1
3299,ho,1
3300,madman,1
3301,unsteadi,1
3302,struther,1
3303,idaho,1
3304,http,1
3305,almodovar,1
3306,marcia,1
3307,davael,1
3308,slipper,1
3309,infecti,1
3310,replic,1
3311,nippl,1
3312,lovel,1
3313,implicit,1
3314,arrang,1
3315,shift,1
3316,midway,1
3317,farc,1
3318,freaki,1
3319,juliett,1
3320,jolli,1
3321,anni,1
3322,scumbag,1
3323,vivian,1
3324,wierdest,1
3325,dissolv,1
3326,analyz,1
3327,synth,1
3328,camera,1
3329,elfman,1
3330,likey,1
3331,enclos,1
3332,wilson,1
3333,headâ,1
3334,oakley,1
3335,oddbal,1
3336,syrup,1
3337,gift,1
3338,superintellig,1
3339,embodi,1
3340,popcorn,1
3341,leagu,1
3342,gullibl,1
3343,knight,1
3344,thornier,1
3345,ironi,1
3346,jane,1
3347,matterstwo,1
3348,unappet,1
3349,heel,1
3350,canada,1
3351,rerun,1
3352,sizeabl,1
3353,antwon,1
3354,lavish,1
3355,vehicl,1
3356,prodigi,1
3357,nitpick,1
3358,tractor,1
3359,heal,1
3360,excruciatingli,1
3361,bland,1
3362,unchang,1
3363,nudg,1
3364,soundtracka,1
3365,mccarthi,1
3366,ungodli,1
3367,comeback,1
3368,fritz,1
3369,squishi,1
3370,furnitureâ,1
3371,prolif,1
3372,aros,1
3373,woo,1
3374,hail,1
3375,unruli,1
3376,purifi,1
3377,shawniqua,1
3378,sooo,1
3379,semblanc,1
3380,shooter,1
3381,dizzi,1
3382,gentli,1
3383,steadi,1
3384,damita,1
3385,lili,1
3386,powerpoint,1
3387,funster,1
3388,bound,1
3389,errol,1
3390,shea,1
3391,diplomat,1
3392,dissip,1
3393,norma,1
3394,duel,1
3395,tripl,1
3396,masquerad,1
3397,except,1
3398,chad,1
3399,limbless,1
3400,infern,1
3401,punctuat,1
3402,xena,1
3403,trow,1
3404,magicdisappear,1
3405,bulb,1
3406,unwarr,1
3407,delic,1
3408,theopen,1
3409,shrunken,1
3410,maci,1
3411,cruelti,1
3412,viggo,1
3413,nubil,1
3414,dana,1
3415,lenni,1
3416,moovi,1
3417,indiscrimin,1
3418,intercut,1
3419,chernobyl,1
3420,tramp,1
3421,keaton,1
3422,ahhh,1
3423,immediaci,1
3424,decidedli,1
3425,cigar,1
3426,furthest,1
3427,scrame,1
3428,turturro,1
3429,shutdown,1
3430,fixtur,1
3431,jitteri,1
3432,unrequit,1
3433,winc,1
3434,disgruntl,1
3435,flinch,1
3436,unbenownst,1
3437,nah,1
3438,glamor,1
3439,rework,1
3440,tryst,1
3441,gloss,1
3442,anachron,1
3443,cardiac,1
3444,moviego,1
3445,femalien,1
3446,roll,1
3447,wherea,1
3448,starv,1
3449,sela,1
3450,technolog,1
3451,sigh,1
3452,coulier,1
3453,fontain,1
3454,seneg,1
3455,limpid,1
3456,kutcher,1
3457,misfortun,1
3458,bubbl,1
3459,lamin,1
3460,seduct,1
3461,relief,1
3462,unfavour,1
3463,bisexu,1
3464,undisciplin,1
3465,maiden,1
3466,bowl,1
3467,empir,1
3468,attribut,1
3469,irwin,1
3470,melchior,1
3471,orchestr,1
3472,avalon,1
3473,underus,1
3474,mulcher,1
3475,effemin,1
3476,undergradu,1
3477,squid,1
3478,note,1
3479,so,1
3480,centenari,1
3481,unscrupul,1
3482,landladi,1
3483,innov,1
3484,uso,1
3485,smallish,1
3486,collud,1
3487,childhood,1
3488,detest,1
3489,sicker,1
3490,atlanti,1
3491,odiou,1
3492,sidney,1
3493,improb,1
3494,aryan,1
3495,darryl,1
3496,outright,1
3497,turk,1
3498,undereduc,1
3499,nagasaki,1
3500,unparallel,1
3501,strategi,1
3502,walter,1
3503,spectacl,1
3504,outburst,1
3505,desensit,1
3506,pseudo,1
3507,crotcheti,1
3508,vortex,1
3509,inevit,1
3510,passion,1
3511,stump,1
3512,athletic,1
3513,enhanc,1
3514,thanksgiv,1
3515,implaus,1
3516,eclect,1
3517,gratifi,1
3518,ultimatley,1
3519,lector,1
3520,soften,1
3521,wuhl,1
3522,retread,1
3523,submers,1
3524,metropolitan,1
3525,gargantuan,1
3526,swipe,1
3527,romp,1
3528,anniversari,1
3529,sweeten,1
3530,dialect,1
3531,quarrel,1
3532,pole,1
3533,difficulti,1
3534,misbehav,1
3535,tavern,1
3536,overlook,1
3537,socialist,1
3538,freez,1
3539,villag,1
3540,monopoli,1
3541,ozdemir,1
3542,unentertain,1
3543,distractedli,1
3544,weepi,1
3545,consciousnessâ,1
3546,swish,1
3547,jone,1
3548,balboni,1
3549,burk,1
3550,figment,1
3551,tlj,1
3552,cletu,1
3553,elysican,1
3554,environ,1
3555,greatli,1
3556,armoir,1
3557,temper,1
3558,cellar,1
3559,profil,1
3560,dump,1
3561,airbrush,1
3562,alec,1
3563,toget,1
3564,mist,1
3565,ardent,1
3566,oujia,1
3567,kingdom,1
3568,link,1
3569,baffl,1
3570,calcul,1
3571,mustv,1
3572,bwp,1
3573,outdo,1
3574,howz,1
3575,alderman,1
3576,simplest,1
3577,newer,1
3578,barbershop,1
3579,alchemi,1
3580,fma,1
3581,fled,1
3582,convolut,1
3583,splinter,1
3584,fullmet,1
3585,abras,1
3586,syke,1
3587,elod,1
3588,berlinal,1
3589,unfamiliar,1
3590,breaux,1
3591,elrod,1
3592,nelson,1
3593,boorish,1
3594,mediterranean,1
3595,sustain,1
3596,javier,1
3597,bardem,1
3598,florenc,1
3599,bestest,1
3600,uel,1
3601,infatu,1
3602,bw,1
3603,paranorm,1
3604,foursom,1
3605,ecstasi,1
3606,obliter,1
3607,convieni,1
3608,chill,1
3609,watson,1
3610,ansara,1
3611,kate,1
3612,astern,1
3613,suitabl,1
3614,azur,1
3615,entangl,1
3616,nightingal,1
3617,shag,1
3618,discoveri,1
3619,deepli,1
3620,unintrigu,1
3621,baldwin,1
3622,cajun,1
3623,annoyingli,1
3624,permeat,1
3625,beth,1
3626,youtub,1
3627,inbo,1
3628,nicola,1
3629,wail,1
3630,elsewher,1
3631,kitten,1
3632,fudg,1
3633,fukasaku,1
3634,surround,1
3635,flashlight,1
3636,loyalti,1
3637,cartoonish,1
3638,gaynor,1
3639,psychopath,1
3640,do,1
3641,kitti,1
3642,regim,1
3643,nam,1
3644,lightweight,1
3645,choos,1
3646,undercurr,1
3647,aloof,1
3648,guevarra,1
3649,subtext,1
3650,spain,1
3651,espaã,1
3652,derid,1
3653,cliff,1
3654,economi,1
3655,imanol,1
3656,cuban,1
3657,itali,1
3658,traumschiff,1
3659,goalkeep,1
3660,ecki,1
3661,student,1
3662,televisiã³n,1
3663,excerpt,1
3664,chew,1
3665,microwav,1
3666,frontal,1
3667,midwest,1
3668,galleri,1
3669,influenti,1
3670,lipinski,1
3671,lush,1
3672,catsro,1
3673,fleischer,1
3674,reign,1
3675,flap,1
3676,homoerotic,1
3677,uppiti,1
3678,vaudevillian,1
3679,cuba,1
3680,wld,1
3681,chimp,1
3682,oggi,1
3683,shemp,1
3684,emblazon,1
3685,duller,1
3686,scrawni,1
3687,veng,1
3688,consult,1
3689,gu,1
3690,bionic,1
3691,rider,1
3692,forgeri,1
3693,famous,1
3694,flirt,1
3695,unsexi,1
3696,corps,1
3697,reich,1
3698,attain,1
3699,fide,1
3700,limitednot,1
3701,afghan,1
3702,overinfl,1
3703,doubtlessli,1
3704,shini,1
3705,trendi,1
3706,disrespect,1
3707,nervous,1
3708,psychosi,1
3709,idiosyncrat,1
3710,cosbi,1
3711,inquest,1
3712,nci,1
3713,muscular,1
3714,accomplic,1
3715,disqualifi,1
3716,firmli,1
3717,griswald,1
3718,oman,1
3719,zangief,1
3720,wold,1
3721,ryu,1
3722,li,1
3723,weirdest,1
3724,await,1
3725,tim,1
3726,unnerv,1
3727,jingl,1
3728,pish,1
3729,mcbain,1
3730,infuri,1
3731,anathemat,1
3732,lian,1
3733,amazonian,1
3734,unconvincingli,1
3735,significantli,1
3736,unment,1
3737,ceas,1
3738,hl,1
3739,rampag,1
3740,skeebal,1
3741,vivo,1
3742,liotta,1
3743,oooh,1
3744,bent,1
3745,tremend,1
3746,ladd,1
3747,underwhelm,1
3748,zaillian,1
3749,gari,1
3750,lamb,1
3751,richi,1
3752,cryer,1
3753,homeless,1
3754,ooh,1
3755,cost,1
3756,dantesqu,1
3757,thoroughli,1
3758,yadda,1
3759,anupam,1
3760,mitzi,1
3761,collector,1
3762,hannib,1
3763,folk,1
3764,margot,1
3765,verger,1
3766,ridley,1
3767,boar,1
3768,corpor,1
3769,gug,1
3770,chong,1
3771,plainfeild,1
3772,vasool,1
3773,firenz,1
3774,dwell,1
3775,paisa,1
3776,diminish,1
3777,strictli,1
3778,afewglimps,1
3779,wat,1
3780,minimalist,1
3781,jug,1
3782,institut,1
3783,levi,1
3784,daddi,1
3785,daphn,1
3786,courtroom,1
3787,inadmiss,1
3788,nich,1
3789,bitchiest,1
3790,piranha,1
3791,omen,1
3792,liquid,1
3793,farmiga,1
3794,cheapli,1
3795,osama,1
3796,humanoid,1
3797,laden,1
3798,dreck,1
3799,unspecifi,1
3800,resist,1
3801,decept,1
3802,lecher,1
3803,frickin,1
3804,overf,1
3805,edra,1
3806,nearsight,1
3807,winterss,1
3808,empathi,1
3809,taught,1
3810,debra,1
3811,cours,1
3812,wellesian,1
3813,blend,1
3814,hallucin,1
3815,hush,1
3816,nerdi,1
3817,hillybillyish,1
3818,grin,1
3819,discrimin,1
3820,tepid,1
3821,scar,1
3822,refus,1
3823,erasmu,1
3824,basi,1
3825,larissa,1
3826,franco,1
3827,conceal,1
3828,sherri,1
3829,characterist,1
3830,ballist,1
3831,unimpress,1
3832,domin,1
3833,abound,1
3834,debut,1
3835,conformist,1
3836,clammi,1
3837,implic,1
3838,masacr,1
3839,spaceship,1
3840,primat,1
3841,darkli,1
3842,woodstock,1
3843,pierr,1
3844,sli,1
3845,hippi,1
3846,outasight,1
3847,vietnam,1
3848,savag,1
3849,sal,1
3850,quantiti,1
3851,philipin,1
3852,racist,1
3853,holden,1
3854,brokow,1
3855,dreari,1
3856,emmau,1
3857,asphalt,1
3858,mimic,1
3859,takeshi,1
3860,flivver,1
3861,speakeasi,1
3862,charmless,1
3863,talentless,1
3864,geneva,1
3865,crackpot,1
3866,cutest,1
3867,gaseou,1
3868,hockey,1
3869,seep,1
3870,vaguest,1
3871,abridg,1
3872,kindest,1
3873,latent,1
3874,groovi,1
3875,perceiv,1
3876,spiritu,1
3877,leprechaun,1
3878,more,1
3879,karmic,1
3880,sarg,1
3881,firefli,1
3882,showcas,1
3883,escanaba,1
3884,reuben,1
3885,norri,1
3886,thoughtful,1
3887,refurbish,1
3888,jeff,1
3889,promisingli,1
3890,foggyest,1
3891,crawl,1
3892,saniti,1
3893,hometown,1
3894,imageryhav,1
3895,suspens,1
3896,thick,1
3897,grime,1
3898,fantas,1
3899,garriss,1
3900,beefcak,1
3901,skid,1
3902,rebound,1
3903,untim,1
3904,react,1
3905,mike,1
3906,cheerlead,1
3907,foray,1
3908,civilis,1
3909,conniv,1
3910,futurist,1
3911,spiki,1
3912,nana,1
3913,palmer,1
3914,aladdin,1
3915,geist,1
3916,furbal,1
3917,townsfolk,1
3918,mandatori,1
3919,krite,1
3920,norm,1
3921,dens,1
3922,lynchian,1
3923,spiel,1
3924,hann,1
3925,hampton,1
3926,scrambl,1
3927,avna,1
3928,hubbi,1
3929,notr,1
3930,penchant,1
3931,insur,1
3932,tellurid,1
3933,aircraft,1
3934,leonard,1
3935,cavali,1
3936,cosmo,1
3937,naut,1
3938,tool,1
3939,horror,1
3940,pratfal,1
3941,mumbo,1
3942,uncr,1
3943,haraldur,1
3944,nipardudikoff,1
3945,petti,1
3946,unansw,1
3947,awfuleven,1
3948,dogsduan,1
3949,leatherfac,1
3950,clyde,1
3951,supervis,1
3952,healthi,1
3953,claymat,1
3954,alias,1
3955,accolad,1
3956,enabl,1
3957,tomak,1
3958,unfortunetli,1
3959,diaper,1
3960,ts,1
3961,bipolar,1
3962,concret,1
3963,plateau,1
3964,cerebr,1
3965,unfulfil,1
3966,dudikoff,1
3967,misinterpret,1
3968,deliver,1
3969,newman,1
3970,ovul,1
3971,torch,1
3972,oxi,1
3973,drift,1
3974,saber,1
3975,suit,1
3976,adrenalin,1
3977,vito,1
3978,scantili,1
3979,thong,1
3980,purg,1
3981,ramshackl,1
3982,diseas,1
3983,inferno,1
3984,weather,1
3985,imperi,1
3986,whod,1
3987,interrupt,1
3988,aficionado,1
3989,tora,1
3990,turgid,1
3991,lo,1
3992,anc,1
3993,fratern,1
3994,steep,1
3995,undercarriag,1
3996,disabl,1
3997,batteri,1
3998,evenli,1
3999,vault,1
4000,hydraul,1
4001,dc,1
4002,wiliest,1
4003,newcastl,1
4004,heist,1
4005,freeway,1
4006,aviva,1
4007,gale,1
4008,renegad,1
4009,microsoft,1
4010,campbel,1
4011,pear,1
4012,dominican,1
4013,oop,1
4014,madison,1
4015,ingrid,1
4016,boba,1
4017,snappi,1
4018,honour,1
4019,hysteria,1
4020,letharg,1
4021,nourish,1
4022,isol,1
4023,mussolini,1
4024,behest,1
4025,pattern,1
4026,unwis,1
4027,perk,1
4028,groucho,1
4029,starbuck,1
4030,gaeta,1
4031,screenplay,1
4032,quorum,1
4033,harri,1
4034,wildest,1
4035,outlier,1
4036,expuls,1
4037,acorn,1
4038,pretext,1
4039,flimsiest,1
4040,feisti,1
4041,overview,1
4042,dire,1
4043,righteou,1
4044,sanctimoni,1
4045,syllabl,1
4046,record,1
4047,slack,1
4048,sa,1
4049,ersatz,1
4050,raymond,1
4051,plumb,1
4052,theyd,1
4053,provo,1
4054,mural,1
4055,passerbi,1
4056,fallon,1
4057,survivalist,1
4058,print,1
4059,uberta,1
4060,immacul,1
4061,uptight,1
4062,resign,1
4063,stubborn,1
4064,thisfor,1
4065,clerk,1
4066,goug,1
4067,raven,1
4068,cite,1
4069,nationalist,1
4070,daze,1
4071,meander,1
4072,milosev,1
4073,thescen,1
4074,personallywouldnt,1
4075,aboard,1
4076,adamantli,1
4077,sleaz,1
4078,repuls,1
4079,whenrobert,1
4080,kevin,1
4081,elucid,1
4082,convent,1
4083,hooey,1
4084,whore,1
4085,overpaid,1
4086,farti,1
4087,gutter,1
4088,odditi,1
4089,decenc,1
4090,gel,1
4091,ahhhhh,1
4092,uncharismat,1
4093,sow,1
4094,damnest,1
4095,sitcom,1
4096,hitch,1
4097,bsg,1
4098,vertigo,1
4099,tigh,1
4100,couch,1
4101,sharpli,1
4102,exemplar,1
4103,discomfort,1
4104,furintur,1
4105,affirm,1
4106,quash,1
4107,cipher,1
4108,capitalist,1
4109,reliabl,1
4110,pitt,1
4111,robber,1
4112,whimper,1
4113,underl,1
4114,nother,1
4115,democrat,1
4116,propagandist,1
4117,balanc,1
4118,jay,1
4119,nest,1
4120,snarki,1
4121,galactica,1
4122,captain,1
4123,clunki,1
4124,whim,1
4125,subplot,1
4126,ethic,1
4127,exploitation,1
4128,humong,1
4129,stomp,1
4130,retir,1
4131,summaris,1
4132,avocado,1
4133,lobster,1
4134,sewer,1
4135,pansi,1
4136,card,1
4137,conti,1
4138,hammer,1
4139,sesam,1
4140,celebr,1
4141,holocaust,1
4142,sincer,1
4143,unconscion,1
4144,wench,1
4145,testament,1
4146,dullfest,1
4147,plotsuch,1
4148,effortlessli,1
4149,slave,1
4150,enigmat,1
4151,quasi,1
4152,boasworn,1
4153,strung,1
4154,wachowski,1
4155,smarter,1
4156,wwii,1
4157,unsaf,1
4158,neglig,1
4159,britain,1
4160,adrienn,1
4161,lyndon,1
4162,crescent,1
4163,parad,1
4164,sail,1
4165,remembr,1
4166,novemb,1
4167,amount,1
4168,amphibi,1
4169,hitler,1
4170,modifi,1
4171,handgun,1
4172,uberhunk,1
4173,hunki,1
4174,gear,1
4175,irish,1
4176,safeti,1
4177,faintest,1
4178,bullet,1
4179,lizard,1
4180,pulver,1
4181,allur,1
4182,overgrown,1
4183,digniti,1
4184,furnac,1
4185,rambl,1
4186,babylon,1
4187,kvc,1
4188,syfi,1
4189,needl,1
4190,freddi,1
4191,ofâ,1
4192,stapl,1
4193,tropic,1
4194,lifelessli,1
4195,ewwwwwww,1
4196,chopper,1
4197,intrud,1
4198,brassi,1
4199,integr,1
4200,thrive,1
4201,cb,1
4202,eleanor,1
4203,bounti,1
4204,custom,1
4205,glimps,1
4206,seattl,1
4207,wi,1
4208,jodi,1
4209,jr,1
4210,mop,1
4211,provok,1
4212,disinterest,1
4213,dampen,1
4214,grudg,1
4215,uni,1
4216,flush,1
4217,ingeni,1
4218,laci,1
4219,oust,1
4220,inhabit,1
4221,mohanl,1
4222,parent,1
4223,skirmish,1
4224,ponder,1
4225,baselin,1
4226,unstabl,1
4227,ian,1
4228,playboy,1
4229,meek,1
4230,fahrenheit,1
4231,unbias,1
4232,interviewe,1
4233,unsubtl,1
4234,expound,1
4235,unev,1
4236,seduc,1
4237,stinger,1
4238,place,1
4239,arous,1
4240,awkwardli,1
4241,reincarn,1
4242,transfer,1
4243,wilfrid,1
4244,stupefyingli,1
4245,ther,1
4246,hamilton,1
4247,sssssssttttttttttuuuuuuuuuuuuuuuuuupppppiiiddd,1
4248,helper,1
4249,hemispher,1
4250,japan,1
4251,gregori,1
4252,priceless,1
4253,cimarron,1
4254,view,1
4255,gi,1
4256,passag,1
4257,cocki,1
4258,quartmast,1
4259,enact,1
4260,creaki,1
4261,stoical,1
4262,ww,1
4263,husband,1
4264,screech,1
4265,outclass,1
4266,farmer,1
4267,lon,1
4268,mandolino,1
4269,khari,1
4270,ananka,1
4271,princess,1
4272,bori,1
4273,chandeli,1
4274,leadenli,1
4275,prissi,1
4276,dime,1
4277,rotat,1
4278,oakvil,1
4279,intrepid,1
4280,feder,1
4281,provinci,1
4282,anytim,1
4283,lucif,1
4284,sixteenth,1
4285,ingest,1
4286,cyanid,1
4287,ta,1
4288,pat,1
4289,cemeteri,1
4290,couldntact,1
4291,anticip,1
4292,terminolog,1
4293,oncal,1
4294,clint,1
4295,shaft,1
4296,excav,1
4297,unabash,1
4298,carbin,1
4299,warmish,1
4300,struck,1
4301,mackintosh,1
4302,whisper,1
4303,getâ,1
4304,ether,1
4305,werewolv,1
4306,slimmer,1
4307,greyish,1
4308,candl,1
4309,glitzi,1
4310,mitra,1
4311,fluff,1
4312,boleyn,1
4313,nineteen,1
4314,sonia,1
4315,blunder,1
4316,owe,1
4317,numbingli,1
4318,patricia,1
4319,craig,1
4320,wright,1
4321,detriment,1
4322,uncommun,1
4323,murki,1
4324,slaughterhous,1
4325,somber,1
4326,insist,1
4327,vicin,1
4328,zappi,1
4329,store,1
4330,stutter,1
4331,arriflex,1
4332,miniseri,1
4333,adequaci,1
4334,carolinian,1
4335,rave,1
4336,castl,1
4337,compliment,1
4338,portman,1
4339,hotel,1
4340,quinn,1
4341,unbroken,1
4342,interior,1
4343,droppingli,1
4344,collar,1
4345,ooz,1
4346,edinburgh,1
4347,enterpris,1
4348,infantil,1
4349,sluggish,1
4350,astaireâ,1
4351,krigeâ,1
4352,flashi,1
4353,arbitrari,1
4354,fanci,1
4355,acid,1
4356,welsh,1
4357,wolf,1
4358,hibernian,1
4359,wasson,1
4360,shockingli,1
4361,dous,1
4362,lepa,1
4363,inconvenienc,1
4364,fenc,1
4365,melvyn,1
4366,quintet,1
4367,dollop,1
4368,simmer,1
4369,feud,1
4370,nifti,1
4371,uncontrol,1
4372,exterior,1
4373,peasant,1
4374,sonya,1
4375,ineffect,1
4376,conclud,1
4377,spit,1
4378,bludgeon,1
4379,birth,1
4380,wassan,1
4381,chronic,1
4382,haughti,1
4383,feasibl,1
4384,parkish,1
4385,fledgl,1
4386,staccato,1
4387,onlin,1
4388,frigid,1
4389,nighi,1
4390,hood,1
4391,completest,1
4392,hyjinx,1
4393,omg,1
4394,crown,1
4395,string,1
4396,olli,1
4397,fckin,1
4398,thaw,1
4399,bueno,1
4400,wealthi,1
4401,magaret,1
4402,soo,1
4403,knife,1
4404,sciencey,1
4405,landscap,1
4406,fck,1
4407,streak,1
4408,meatloaf,1
4409,oddli,1
4410,vegetarian,1
4411,test,1
4412,rug,1
4413,uncar,1
4414,singularli,1
4415,reoccur,1
4416,sã,1
4417,villa,1
4418,metropoli,1
4419,concur,1
4420,kitsch,1
4421,playwright,1
4422,secondari,1
4423,hitlerian,1
4424,marx,1
4425,unsuit,1
4426,drifter,1
4427,everlast,1
4428,cnn,1
4429,rubish,1
4430,frederick,1
4431,kane,1
4432,crowd,1
4433,ukrainian,1
4434,squar,1
4435,underutil,1
4436,retitl,1
4437,unrecognis,1
4438,misspel,1
4439,bulgarian,1
4440,model,1
4441,hallow,1
4442,khoo,1
4443,om,1
4444,tabu,1
4445,maharashtrian,1
4446,wist,1
4447,wong,1
4448,hoffman,1
4449,distanc,1
4450,loneli,1
4451,obscen,1
4452,dustin,1
4453,teresa,1
4454,whini,1
4455,micheal,1
4456,apolog,1
4457,duff,1
4458,afteral,1
4459,taylor,1
4460,shenanigan,1
4461,singapor,1
4462,richer,1
4463,downward,1
4464,doubtfir,1
4465,essen,1
4466,contrari,1
4467,subdu,1
4468,novic,1
4469,checkov,1
4470,spectr,1
4471,kirov,1
4472,namedi,1
4473,chicago,1
4474,depardieu,1
4475,superfici,1
4476,chanth,1
4477,jennif,1
4478,advertis,1
4479,drippingli,1
4480,unmiss,1
4481,tenuou,1
4482,stool,1
4483,eyelid,1
4484,ff,1
4485,bulgaria,1
4486,hal,1
4487,snowflak,1
4488,orthodontist,1
4489,froth,1
4490,fraudul,1
4491,vivid,1
4492,conan,1
4493,penthous,1
4494,nonviol,1
4495,waterworld,1
4496,splash,1
4497,stuntman,1
4498,textur,1
4499,rain,1
4500,immor,1
4501,pour,1
4502,blaze,1
4503,tatti,1
4504,facet,1
4505,hellish,1
4506,matur,1
4507,perki,1
4508,chiang,1
4509,barbarian,1
4510,unrepent,1
4511,puritan,1
4512,egyptologist,1
4513,barmaid,1
4514,greas,1
4515,kosleck,1
4516,argentina,1
4517,signatur,1
4518,ground,1
4519,brag,1
4520,posh,1
4521,devolv,1
4522,sk,1
4523,dwarf,1
4524,aragorn,1
4525,gondorian,1
4526,elizabeth,1
4527,hmmm,1
4528,clariti,1
4529,embrac,1
4530,travel,1
4531,autobiographi,1
4532,brechtian,1
4533,nooooooooooooo,1
4534,shriek,1
4535,pink,1
4536,richest,1
4537,renam,1
4538,suckiest,1
4539,widow,1
4540,thx,1
4541,nicholson,1
4542,profession,1
4543,forebear,1
4544,spice,1
4545,irksom,1
4546,spook,1
4547,menac,1
4548,thunderdom,1
4549,overblown,1
4550,billi,1
4551,alejandro,1
4552,tina,1
4553,amenã,1
4554,ojo,1
4555,thinli,1
4556,flex,1
4557,henrietta,1
4558,undisput,1
4559,overpow,1
4560,leopold,1
4561,criss,1
4562,nilli,1
4563,giveaway,1
4564,nemes,1
4565,emi,1
4566,april,1
4567,unlock,1
4568,calib,1
4569,varieti,1
4570,neurot,1
4571,franklyn,1
4572,louie,1
4573,unbeknownst,1
4574,forehead,1
4575,albeit,1
4576,graduat,1
4577,doesproduc,1
4578,recoveri,1
4579,evangelist,1
4580,jimmi,1
4581,bonu,1
4582,ibm,1
4583,walmart,1
4584,yo,1
4585,wal,1
4586,skim,1
4587,hafta,1
4588,uninvolv,1
4589,nami,1
4590,naughti,1
4591,yea,1
4592,crumb,1
4593,sleev,1
4594,conserv,1
4595,delud,1
4596,encapsul,1
4597,incit,1
4598,incid,1
4599,flimsi,1
4600,trustworthi,1
4601,lawless,1
4602,tenser,1
4603,copyright,1
4604,shameless,1
4605,databas,1
4606,hardwar,1
4607,comprehend,1
4608,maze,1
4609,speakertough,1
4610,videovil,1
4611,horrend,1
4612,cafe,1
4613,lick,1
4614,assort,1
4615,contra,1
4616,su,1
4617,putrid,1
4618,bounc,1
4619,bluntli,1
4620,incomprehens,1
4621,hideou,1
4622,root,1
4623,hitcher,1
4624,arena,1
4625,proverbi,1
4626,ute,1
4627,wholl,1
4628,submit,1
4629,grittier,1
4630,sync,1
4631,kenni,1
4632,yakkel,1
4633,profan,1
4634,fate,1
4635,blous,1
4636,mocumentari,1
4637,kath,1
4638,frizzi,1
4639,selma,1
4640,tiniest,1
4641,sulk,1
4642,magda,1
4643,noic,1
4644,path,1
4645,bulldog,1
4646,unappreci,1
4647,appli,1
4648,xxx,1
4649,finster,1
4650,justifi,1
4651,brake,1
4652,stroud,1
4653,huuug,1
4654,durat,1
4655,preserv,1
4656,pompadour,1
4657,rake,1
4658,dag,1
4659,rage,1
4660,muslim,1
4661,loney,1
4662,bald,1
4663,quench,1
4664,outlin,1
4665,pluse,1
4666,flail,1
4667,wrist,1
4668,rooster,1
4669,equat,1
4670,outbreak,1
4671,iota,1
4672,unfaith,1
4673,pilot,1
4674,fecal,1
4675,curv,1
4676,repugn,1
4677,spear,1
4678,kardashian,1
4679,maintain,1
4680,modicum,1
4681,sear,1
4682,abomin,1
4683,itchin,1
4684,quiz,1
4685,unscath,1
4686,nc,1
4687,undergrowth,1
4688,leap,1
4689,certif,1
4690,crawlingli,1
4691,politeâ,1
4692,uhâ,1
4693,overst,1
4694,stephani,1
4695,pinon,1
4696,blatantli,1
4697,dominiqu,1
4698,interject,1
4699,savior,1
4700,wayâ,1
4701,mahesh,1
4702,sadden,1
4703,lnych,1
4704,foggi,1
4705,unhurt,1
4706,various,1
4707,label,1
4708,host,1
4709,ainsley,1
4710,convict,1
4711,counti,1
4712,lava,1
4713,lowbrow,1
4714,squat,1
4715,advert,1
4716,broderick,1
4717,emascul,1
4718,aggress,1
4719,mistress,1
4720,glacial,1
4721,bracken,1
4722,glorif,1
4723,greatsimilar,1
4724,goer,1
4725,aural,1
4726,fuke,1
4727,snuff,1
4728,wade,1
4729,ode,1
4730,inclin,1
4731,unlikeliest,1
4732,candi,1
4733,adorn,1
4734,transsexu,1
4735,unremark,1
4736,unwittingli,1
4737,baddi,1
4738,methodist,1
4739,ineptitud,1
4740,launcher,1
4741,bourdain,1
4742,lamotta,1
4743,precis,1
4744,nondescript,1
4745,mete,1
4746,chariti,1
4747,tougher,1
4748,compani,1
4749,duti,1
4750,damp,1
4751,rachel,1
4752,gonna,1
4753,barrel,1
4754,involuntari,1
4755,pipe,1
4756,monologu,1
4757,unscript,1
4758,oprah,1
4759,calm,1
4760,speakingy,1
4761,overdid,1
4762,cinemat,1
4763,spacey,1
4764,dinki,1
4765,ful,1
4766,technologist,1
4767,nicu,1
4768,utmb,1
4769,affili,1
4770,evalu,1
4771,hurrican,1
4772,kri,1
4773,gulf,1
4774,houstonian,1
4775,humphri,1
4776,uselessli,1
4777,showi,1
4778,woe,1
4779,wacki,1
4780,barrier,1
4781,thirdli,1
4782,gherkin,1
4783,mason,1
4784,piper,1
4785,fahey,1
4786,elw,1
4787,cam,1
4788,architectur,1
4789,stickbal,1
4790,inexperienc,1
4791,unprepar,1
4792,gosh,1
4793,lionsgat,1
4794,automat,1
4795,mishmash,1
4796,fandom,1
4797,glean,1
4798,rehash,1
4799,unauthor,1
4800,leoni,1
4801,apt,1
4802,mortifi,1
4803,mock,1
4804,dr,1
4805,eighth,1
4806,standpointeven,1
4807,cream,1
4808,heret,1
4809,california,1
4810,ideologu,1
4811,politician,1
4812,leftist,1
4813,wrongdo,1
4814,unti,1
4815,unquot,1
4816,crucifix,1
4817,skirt,1
4818,pollut,1
4819,unasham,1
4820,horni,1
4821,accord,1
4822,liven,1
4823,spiral,1
4824,roar,1
4825,kristin,1
4826,erikson,1
4827,rex,1
4828,gymnast,1
4829,winner,1
4830,pervert,1
4831,unthril,1
4832,veterinarian,1
4833,garden,1
4834,ehh,1
4835,altogeth,1
4836,peirc,1
4837,deed,1
4838,shitti,1
4839,bluish,1
4840,stabl,1
4841,chez,1
4842,nada,1
4843,shannon,1
4844,newcom,1
4845,neccessari,1
4846,dominatrix,1
4847,strangul,1
4848,gang,1
4849,unpack,1
4850,gd,1
4851,downstair,1
4852,lovemak,1
4853,dodg,1
4854,uppos,1
4855,lenient,1
4856,mine,1
4857,lad,1
4858,hilar,1
4859,starlet,1
4860,tog,1
4861,held,1
4862,lumanoid,1
4863,prevail,1
4864,coma,1
4865,trawl,1
4866,reassur,1
4867,cadieux,1
4868,sinclair,1
4869,beak,1
4870,barri,1
4871,riddlezon,1
4872,shortag,1
4873,shrek,1
4874,favor,1
4875,schoolhous,1
4876,perfectionist,1
4877,dissappear,1
4878,map,1
4879,undevelop,1
4880,dehuman,1
4881,histor,1
4882,channel,1
4883,esteem,1
4884,hardcor,1
4885,sickli,1
4886,labori,1
4887,neil,1
4888,strain,1
4889,dori,1
4890,blip,1
4891,loui,1
4892,incredul,1
4893,eli,1
4894,sweati,1
4895,ass,1
4896,rumbl,1
4897,selv,1
4898,yummi,1
4899,voodoo,1
4900,spider,1
4901,tragedi,1
4902,fulci,1
4903,decapitron,1
4904,inanim,1
4905,anticlimact,1
4906,tenant,1
4907,andr,1
4908,bodega,1
4909,toulon,1
4910,unliv,1
4911,gremlin,1
4912,rasch,1
4913,contractor,1
4914,nonam,1
4915,jester,1
4916,hiss,1
4917,aweful,1
4918,juvinil,1
4919,shoulder,1
4920,rita,1
4921,energet,1
4922,linklat,1
4923,stem,1
4924,conflict,1
4925,inexperi,1
4926,buttonhol,1
4927,ahhhâ,1
4928,ummâ,1
4929,viper,1
4930,kimbal,1
4931,architect,1
4932,simul,1
4933,pot,1
4934,grind,1
4935,norway,1
4936,teeth,1
4937,marijuana,1
4938,understat,1
4939,torn,1
4940,tho,1
4941,haden,1
4942,grader,1
4943,margin,1
4944,ultraman,1
4945,kkk,1
4946,upstand,1
4947,molehil,1
4948,damien,1
4949,shade,1
4950,revamp,1
4951,contest,1
4952,scenic,1
4953,breathtak,1
4954,overseen,1
4955,surplic,1
4956,gnostic,1
4957,request,1
4958,quo,1
4959,fatter,1
4960,dreamlik,1
4961,holi,1
4962,jacob,1
4963,miguel,1
4964,commentari,1
4965,hade,1
4966,fog,1
4967,cardin,1
4968,oversaw,1
4969,backwood,1
4970,perv,1
4971,fatal,1
4972,coher,1
4973,topic,1
4974,renaldo,1
4975,americian,1
4976,anvil,1
4977,greenwich,1
4978,mislead,1
4979,diet,1
4980,castro,1
4981,interestingli,1
4982,lull,1
4983,fistic,1
4984,ubiquit,1
4985,journalist,1
4986,sundown,1
4987,ministri,1
4988,sporad,1
4989,cann,1
4990,esoter,1
4991,desol,1
4992,driver,1
4993,armin,1
4994,steeb,1
4995,pedro,1
4996,vandal,1
4997,vein,1
4998,unstag,1
4999,unemploy,1
5000,crimson,1
5001,terri,1
5002,culmin,1
5003,backyard,1
5004,forerunn,1
5005,pastich,1
5006,bull,1
5007,mcmahon,1
5008,versatil,1
5009,randl,1
5010,recit,1
5011,leeway,1
5012,hulkster,1
5013,outsmart,1
5014,typecast,1
5015,weasel,1
5016,gestur,1
5017,ozzi,1
5018,curl,1
5019,mar,1
5020,throat,1
5021,homoerot,1
5022,evident,1
5023,triumphant,1
5024,nz,1
5025,articul,1
5026,esai,1
5027,hotshot,1
5028,deaden,1
5029,lister,1
5030,wwe,1
5031,hulkamaniac,1
5032,mgm,1
5033,wiggli,1
5034,dehaven,1
5035,coolest,1
5036,schwarzenegg,1
5037,booki,1
5038,wwf,1
5039,minnelli,1
5040,outgrown,1
5041,misconstru,1
5042,unheard,1
5043,badg,1
5044,agenc,1
5045,thirteen,1
5046,willing,1
5047,brell,1
5048,submiss,1
5049,malcolm,1
5050,undi,1
5051,frivol,1
5052,phrase,1
5053,closur,1
5054,unsur,1
5055,smudg,1
5056,fixat,1
5057,shelley,1
5058,sill,1
5059,newsweek,1
5060,sensat,1
5061,sect,1
5062,fractur,1
5063,leverag,1
5064,reson,1
5065,unexplainedli,1
5066,unfocus,1
5067,dvx,1
5068,digit,1
5069,piqu,1
5070,sma,1
5071,visionari,1
5072,dumbest,1
5073,graciou,1
5074,scapel,1
5075,spree,1
5076,headlong,1
5077,aimless,1
5078,sleepwalk,1
5079,daylight,1
5080,lobotomi,1
5081,schizophren,1
5082,fathom,1
5083,vote,1
5084,lpwa,1
5085,troop,1
5086,caucasian,1
5087,peril,1
5088,lyon,1
5089,videotap,1
5090,nighttim,1
5091,woah,1
5092,nay,1
5093,transit,1
5094,switchblad,1
5095,rear,1
5096,deflat,1
5097,tighten,1
5098,tennesse,1
5099,bedoya,1
5100,brew,1
5101,dispens,1
5102,comparison,1
5103,subpar,1
5104,nastier,1
5105,interspread,1
5106,videoclip,1
5107,henstridg,1
5108,neither,1
5109,archchristian,1
5110,letâ,1
5111,religion,1
5112,extraterrestri,1
5113,thatâ,1
5114,acknowledg,1
5115,asant,1
5116,asinin,1
5117,quatrilho,1
5118,categor,1
5119,whalley,1
5120,sphere,1
5121,christiansfirst,1
5122,uneth,1
5123,nonchristian,1
5124,bombard,1
5125,mafioso,1
5126,callou,1
5127,stage,1
5128,brazilian,1
5129,conform,1
5130,manner,1
5131,theologian,1
5132,spearhead,1
5133,regrett,1
5134,rebecca,1
5135,aisl,1
5136,peretti,1
5137,uncompromis,1
5138,syrupi,1
5139,litter,1
5140,brainwash,1
5141,invad,1
5142,argumentsther,1
5143,pascal,1
5144,itd,1
5145,earthshak,1
5146,antichrist,1
5147,unaccount,1
5148,lure,1
5149,innocu,1
5150,compet,1
5151,fastest,1
5152,unifi,1
5153,variant,1
5154,juri,1
5155,unsav,1
5156,sleazier,1
5157,wednesday,1
5158,church,1
5159,hunchback,1
5160,shred,1
5161,undecid,1
5162,unobserv,1
5163,memor,1
5164,fandango,1
5165,buff,1
5166,alaska,1
5167,da,1
5168,horseback,1
5169,yakima,1
5170,surrealist,1
5171,hay,1
5172,waterfal,1
5173,tunnel,1
5174,loveliest,1
5175,shopkeep,1
5176,nerdish,1
5177,monoton,1
5178,fantsast,1
5179,gomeda,1
5180,marvin,1
5181,canutt,1
5182,inaccur,1
5183,blindli,1
5184,quinlan,1
5185,fundamentalist,1
5186,canopi,1
5187,alik,1
5188,moder,1
5189,newbi,1
5190,tide,1
5191,thou,1
5192,catalogu,1
5193,geeki,1
5194,boycott,1
5195,evangel,1
5196,poorest,1
5197,alpha,1
5198,lauren,1
5199,curiou,1
5200,whiskerless,1
5201,shaven,1
5202,decri,1
5203,cheesecak,1
5204,raci,1
5205,salaci,1
5206,guttenburg,1
5207,coincid,1
5208,boundless,1
5209,lousiest,1
5210,klux,1
5211,potter,1
5212,promo,1
5213,shuffl,1
5214,austin,1
5215,homag,1
5216,textual,1
5217,tonal,1
5218,themat,1
5219,concoct,1
5220,homer,1
5221,gomez,1
5222,subterranean,1
5223,airtim,1
5224,gratif,1
5225,courtesi,1
5226,dw,1
5227,cockroach,1
5228,argento,1
5229,multipli,1
5230,outcast,1
5231,pm,1
5232,diken,1
5233,lamer,1
5234,proxi,1
5235,alma,1
5236,unmistak,1
5237,wagner,1
5238,naveen,1
5239,andrew,1
5240,helpless,1
5241,readili,1
5242,undistinguish,1
5243,grab,1
5244,sevenor,1
5245,caveman,1
5246,maul,1
5247,ennio,1
5248,smitten,1
5249,lewd,1
5250,awwwwh,1
5251,discourag,1
5252,prettier,1
5253,accompanist,1
5254,whinc,1
5255,account,1
5256,tepidli,1
5257,doom,1
5258,survivor,1
5259,block,1
5260,broadcast,1
5261,conclus,1
5262,bariton,1
5263,taboo,1
5264,laid,1
5265,server,1
5266,anonym,1
5267,biermann,1
5268,neutral,1
5269,meurer,1
5270,andrã,1
5271,aesthet,1
5272,poll,1
5273,whiff,1
5274,perelman,1
5275,incompar,1
5276,walker,1
5277,hopelessli,1
5278,composit,1
5279,blake,1
5280,movieplex,1
5281,spew,1
5282,infowarrior,1
5283,sparkl,1
5284,reestablish,1
5285,urich,1
5286,naã,1
5287,injuri,1
5288,profound,1
5289,aftermath,1
5290,batch,1
5291,plagu,1
5292,sacrif,1
5293,helen,1
5294,steami,1
5295,swift,1
5296,grisli,1
5297,tweak,1
5298,uneasili,1
5299,cimemat,1
5300,savori,1
5301,joe,1
5302,hundredth,1
5303,willow,1
5304,ummmm,1
5305,nametv,1
5306,insular,1
5307,stink,1
5308,pedest,1
5309,venu,1
5310,feedback,1
5311,strafe,1
5312,snot,1
5313,spookfest,1
5314,newlyw,1
5315,mtv,1
5316,footprint,1
5317,slump,1
5318,chuck,1
5319,musician,1
5320,wtih,1
5321,smartest,1
5322,incident,1
5323,scarlett,1
5324,curios,1
5325,undercut,1
5326,mayhem,1
5327,legitim,1
5328,mamoulian,1
5329,soundboard,1
5330,dictat,1
5331,stuf,1
5332,naturalist,1
5333,hygienist,1
5334,sammi,1
5335,hk,1
5336,mischiev,1
5337,twitch,1
5338,secretli,1
5339,loot,1
5340,bratti,1
5341,retain,1
5342,hook,1
5343,groan,1
5344,mascot,1
5345,download,1
5346,roseann,1
5347,ripoff,1
5348,greet,1
5349,twelv,1
5350,endearingli,1
5351,connor,1
5352,mow,1
5353,goldberg,1
5354,cheyenn,1
5355,barabara,1
5356,rockbart,1
5357,born,1
5358,varga,1
5359,sneer,1
5360,recogniz,1
5361,rumor,1
5362,sublimin,1
5363,finland,1
5364,greed,1
5365,lid,1
5366,hairi,1
5367,whew,1
5368,slam,1
5369,wave,1
5370,alleyway,1
5371,wherein,1
5372,lumin,1
5373,shadi,1
5374,zani,1
5375,brooch,1
5376,proverb,1
5377,benign,1
5378,haw,1
5379,yellowish,1
5380,tonic,1
5381,thigh,1
5382,alaskan,1
5383,enriqu,1
5384,playmat,1
5385,determin,1
5386,statu,1
5387,bungl,1
5388,misadventur,1
5389,lunaci,1
5390,maneuv,1
5391,underestim,1
5392,renauld,1
5393,lau,1
5394,wittier,1
5395,unsuspectingli,1
5396,yiddish,1
5397,hast,1
5398,meryl,1
5399,poirot,1
5400,optic,1
5401,unendur,1
5402,plateful,1
5403,unamus,1
5404,uncanni,1
5405,clinic,1
5406,shouldv,1
5407,immortalis,1
5408,ndez,1
5409,mã,1
5410,ambival,1
5411,coffin,1
5412,nigh,1
5413,unto,1
5414,sweep,1
5415,vindic,1
5416,knowledg,1
5417,identif,1
5418,illicit,1
5419,marshmallow,1
5420,bee,1
5421,medal,1
5422,taut,1
5423,harriet,1
5424,ughh,1
5425,ostens,1
5426,mann,1
5427,border,1
5428,blew,1
5429,noe,1
5430,sucki,1
5431,opt,1
5432,bargain,1
5433,healthier,1
5434,offspr,1
5435,bird,1
5436,angeliqu,1
5437,rutget,1
5438,hauer,1
5439,mig,1
5440,stranger,1
5441,tatic,1
5442,puf,1
5443,francesco,1
5444,taglin,1
5445,carlsbad,1
5446,furlong,1
5447,doabl,1
5448,weaker,1
5449,bang,1
5450,fingernail,1
5451,invis,1
5452,hadnt,1
5453,advanc,1
5454,campi,1
5455,yall,1
5456,cavern,1
5457,paradis,1
5458,chiapet,1
5459,stove,1
5460,fume,1
5461,tile,1
5462,naacp,1
5463,similiar,1
5464,nari,1
5465,peep,1
5466,kabosh,1
5467,lundgren,1
5468,etho,1
5469,spout,1
5470,philosoph,1
5471,puppi,1
5472,impal,1
5473,rudimentari,1
5474,dillyd,1
5475,eleph,1
5476,deviat,1
5477,acceptableâ,1
5478,escapad,1
5479,awayâ,1
5480,orâ,1
5481,clive,1
5482,killâ,1
5483,gateway,1
5484,process,1
5485,smitheeâ,1
5486,achingli,1
5487,haphazard,1
5488,liar,1
5489,dancer,1
5490,adject,1
5491,herculean,1
5492,impoverish,1
5493,booram,1
5494,ransom,1
5495,ramsay,1
5496,sideboard,1
5497,overrul,1
5498,alan,1
5499,shape,1
5500,villain,1
5501,denouement,1
5502,snooz,1
5503,welcom,1
5504,explanatori,1
5505,terroris,1
5506,mothbal,1
5507,umpteenth,1
5508,interfer,1
5509,speech,1
5510,partak,1
5511,interrog,1
5512,bath,1
5513,quicken,1
5514,lurch,1
5515,underlin,1
5516,filter,1
5517,awash,1
5518,indefinit,1
5519,sup,1
5520,fund,1
5521,forgiven,1
5522,tier,1
5523,anthem,1
5524,incest,1
5525,wikipedia,1
5526,douchebag,1
5527,lander,1
5528,josh,1
5529,neilson,1
5530,sneez,1
5531,mize,1
5532,sum,1
5533,nom,1
5534,dab,1
5535,mod,1
5536,puke,1
5537,toughest,1
5538,acr,1
5539,tedious,1
5540,poop,1
5541,ironsid,1
5542,juvenil,1
5543,boot,1
5544,clair,1
5545,marcu,1
5546,pack,1
5547,dip,1
5548,castellaneta,1
5549,fame,1
5550,newfound,1
5551,hawk,1
5552,uppanc,1
5553,hover,1
5554,misl,1
5555,preteen,1
5556,distort,1
5557,temp,1
5558,superman,1
5559,woefulli,1
5560,literatur,1
5561,gather,1
5562,lucil,1
5563,turd,1
5564,archenemi,1
5565,scrape,1
5566,stain,1
5567,civilian,1
5568,tank,1
5569,ban,1
5570,dragonfli,1
5571,hee,1
5572,flour,1
5573,noooooooo,1
5574,snack,1
5575,griffith,1
5576,dialoug,1
5577,feldman,1
5578,naman,1
5579,brethern,1
5580,melt,1
5581,crotch,1
5582,murray,1
5583,stanley,1
5584,genious,1
5585,controversi,1
5586,flabbili,1
5587,cocain,1
5588,valiant,1
5589,miami,1
5590,crusad,1
5591,imho,1
5592,misti,1
5593,spinal,1
5594,disco,1
5595,ac,1
5596,frown,1
5597,devilish,1
5598,embark,1
5599,nudist,1
5600,prescript,1
5601,unarm,1
5602,leisur,1
5603,chaotic,1
5604,juli,1
5605,afoul,1
5606,linc,1
5607,bread,1
5608,lanier,1
5609,dane,1
5610,marbl,1
5611,primari,1
5612,cotton,1
5613,lifeless,1
5614,scoobi,1
5615,artsi,1
5616,lordi,1
5617,yr,1
5618,ancillari,1
5619,smack,1
5620,prefac,1
5621,glum,1
5622,groundbreak,1
5623,wildlif,1
5624,nightclub,1
5625,briefli,1
5626,kati,1
5627,flawless,1
5628,heartstr,1
5629,solut,1
5630,nuke,1
5631,smoki,1
5632,despairingli,1
5633,solo,1
5634,ounc,1
5635,favourit,1
5636,nerv,1
5637,domest,1
5638,emul,1
5639,yawn,1
5640,quietli,1
5641,feminist,1
5642,theorist,1
5643,r,1
5644,retrogress,1
5645,dreyfuss,1
5646,overdon,1
5647,incorpor,1
5648,spielbergsom,1
5649,capra,1
5650,harvey,1
5651,ventur,1
5652,uhhh,1
5653,outlet,1
5654,whitak,1
5655,enerv,1
5656,setpiec,1
5657,forlorn,1
5658,sargeant,1
5659,skywalk,1
5660,neitherâ,1
5661,vari,1
5662,rambo,1
5663,allegori,1
5664,prudish,1
5665,volleybal,1
5666,patina,1
5667,procedur,1
5668,maier,1
5669,undescrib,1
5670,kitt,1
5671,harmless,1
5672,overrid,1
5673,audrey,1
5674,griswold,1
5675,lewi,1
5676,sliver,1
5677,enlighten,1
5678,capracorn,1
5679,holli,1
5680,busy,1
5681,oz,1
5682,awesom,1
5683,librarian,1
5684,anguish,1
5685,gere,1
5686,gaudi,1
5687,jewelri,1
5688,involvedin,1
5689,ak,1
5690,attachã,1
5691,anywayz,1
5692,greenhorn,1
5693,diamond,1
5694,fisherman,1
5695,dirtiest,1
5696,theyv,1
5697,ohh,1
5698,burden,1
5699,infinit,1
5700,workedwith,1
5701,sixteen,1
5702,self,1
5703,puttingli,1
5704,andcream,1
5705,lotu,1
5706,munich,1
5707,mate,1
5708,amistad,1
5709,relish,1
5710,illumin,1
5711,park,1
5712,machineri,1
5713,fingerprint,1
5714,sap,1
5715,venetian,1
5716,waketh,1
5717,nunzi,1
5718,mauro,1
5719,palat,1
5720,affair,1
5721,intim,1
5722,explicit,1
5723,yuliya,1
5724,miriam,1
5725,oafish,1
5726,thiev,1
5727,ghastli,1
5728,akin,1
5729,warmer,1
5730,funk,1
5731,miticlorian,1
5732,teal,1
5733,assalam,1
5734,reshamiya,1
5735,anecdot,1
5736,kindli,1
5737,hybrid,1
5738,moviehimesh,1
5739,cringeindian,1
5740,intact,1
5741,somersaultsdirect,1
5742,samehimesh,1
5743,nasal,1
5744,tanhaiyya,1
5745,sherawat,1
5746,met,1
5747,thief,1
5748,bride,1
5749,coolli,1
5750,unceremoni,1
5751,se,1
5752,ek,1
5753,panchtantra,1
5754,smartli,1
5755,wash,1
5756,hiccup,1
5757,nowâ,1
5758,singer,1
5759,gah,1
5760,fuzzi,1
5761,malform,1
5762,completist,1
5763,illog,1
5764,adolesc,1
5765,pallid,1
5766,malibu,1
5767,innat,1
5768,china,1
5769,deform,1
5770,shovel,1
5771,prashant,1
5772,poverti,1
5773,goodheart,1
5774,g,1
5775,labour,1
5776,unfeas,1
5777,hug,1
5778,taxpay,1
5779,boloney,1
5780,reap,1
5781,saroor,1
5782,reshammiya,1
5783,luv,1
5784,wagnal,1
5785,dangelo,1
5786,clayton,1
5787,weissmul,1
5788,zoo,1
5789,chimpâ,1
5790,stuffi,1
5791,virtuou,1
5792,sportsman,1
5793,sheesh,1
5794,ow,1
5795,babysitt,1
5796,dessert,1
5797,gracious,1
5798,bucket,1
5799,exhaust,1
5800,invari,1
5801,posterior,1
5802,kin,1
5803,personnel,1
5804,antagonist,1
5805,prompt,1
5806,pad,1
5807,idl,1
5808,coif,1
5809,bomb,1
5810,reeal,1
5811,vaudevil,1
5812,imprison,1
5813,bobi,1
5814,mazagin,1
5815,aris,1
5816,overcom,1
5817,unspoken,1
5818,alertal,1
5819,viz,1
5820,hobbi,1
5821,tubbi,1
5822,unten,1
5823,sore,1
5824,slaughterfest,1
5825,rattl,1
5826,lawrenc,1
5827,darth,1
5828,unborn,1
5829,finney,1
5830,miki,1
5831,banjo,1
5832,weirdo,1
5833,strum,1
5834,advisori,1
5835,sommerish,1
5836,enliven,1
5837,unfinish,1
5838,motorbik,1
5839,cowboy,1
5840,tribal,1
5841,neer,1
5842,greedili,1
5843,clumsili,1
5844,bryant,1
5845,honey,1
5846,intimaci,1
5847,sucker,1
5848,friendship,1
5849,dullsvil,1
5850,knowl,1
5851,circumst,1
5852,repress,1
5853,ball,1
5854,overnight,1
5855,pleasantli,1
5856,sinist,1
5857,leper,1
5858,jealous,1
5859,denial,1
5860,phinea,1
5861,kia,1
5862,fay,1
5863,jesu,1
5864,tasti,1
5865,landown,1
5866,alabama,1
5867,unredeem,1
5868,toss,1
5869,hercul,1
5870,dug,1
5871,weapon,1
5872,defeat,1
5873,petesak,1
5874,wiggin,1
5875,boxleitn,1
5876,shudder,1
5877,eater,1
5878,kristen,1
5879,sack,1
5880,scarecrow,1
5881,oldsh,1
5882,bar,1
5883,serl,1
5884,plight,1
5885,unearth,1
5886,breath,1
5887,surnam,1
5888,exet,1
5889,pompou,1
5890,joyous,1
5891,lt,1
5892,dan,1
5893,runtim,1
5894,seventeen,1
5895,stoic,1
5896,trivia,1
5897,wackd,1
5898,mutat,1
5899,allig,1
5900,noah,1
5901,bridg,1
5902,elat,1
5903,briefest,1
5904,corrigan,1
5905,interchang,1
5906,comeupp,1
5907,reek,1
5908,pc,1
5909,listless,1
5910,airway,1
5911,mastic,1
5912,outrun,1
5913,prescottmarshal,1
5914,diagnos,1
5915,hillbilli,1
5916,burnish,1
5917,ie,1
5918,lepper,1
5919,bia,1
5920,impos,1
5921,oversight,1
5922,downplay,1
5923,rotten,1
5924,franciscu,1
5925,utmost,1
5926,gauzi,1
5927,anxiou,1
5928,featurett,1
5929,tame,1
5930,shaw,1
5931,feeli,1
5932,dale,1
5933,thi,1
5934,boast,1
5935,arizona,1
5936,smoggi,1
5937,inadequ,1
5938,tilt,1
5939,rabidli,1
5940,devot,1
5941,mytholog,1
5942,outtak,1
5943,lassitud,1
5944,ennui,1
5945,hedon,1
5946,glaze,1
5947,unflatt,1
5948,omaggio,1
5949,sickest,1
5950,predica,1
5951,ceremoni,1
5952,sarcasm,1
5953,grip,1
5954,dissect,1
5955,author,1
5956,weakli,1
5957,nebul,1
5958,unenvi,1
5959,uphil,1
5960,velasquez,1
5961,navel,1
5962,muscleman,1
5963,led,1
5964,puerto,1
5965,apathi,1
5966,egotist,1
5967,lorn,1
5968,hostil,1
5969,shout,1
5970,carlucci,1
5971,conspir,1
5972,abstract,1
5973,zeu,1
5974,ashtray,1
5975,charisma,1
5976,papier,1
5977,buscemi,1
5978,onward,1
5979,videogam,1
5980,transfix,1
5981,uncharacterist,1
5982,talladega,1
5983,manbutt,1
5984,ee,1
5985,valueâ,1
5986,backstori,1
5987,unjustifi,1
5988,beaudelair,1
5989,dã,1
5990,surpass,1
5991,rican,1
5992,undergo,1
5993,boxlietn,1
5994,termin,1
5995,suckfest,1
5996,biologist,1
5997,amazon,1
5998,bullsht,1
5999,yup,1
6000,slander,1
6001,megaloadon,1
6002,megalodon,1
6003,neckti,1
6004,pokey,1
6005,hokey,1
6006,corni,1
6007,ugh,1
6008,slit,1
6009,fp,1
6010,masochist,1
6011,ken,1
6012,veronica,1
6013,paycheck,1
6014,chimpanze,1
6015,gil,1
6016,belowthi,1
6017,shroud,1
6018,asteroid,1
6019,grotesqu,1
6020,irishman,1
6021,underproduc,1
6022,nixon,1
6023,calibur,1
6024,swindl,1
6025,uncannili,1
6026,geek,1
6027,destin,1
6028,stoner,1
6029,scant,1
6030,riotous,1
6031,distress,1
6032,meter,1
6033,emigr,1
6034,contin,1
6035,avert,1
6036,philipp,1
6037,beard,1
6038,prologu,1
6039,nineteenth,1
6040,unwieldi,1
6041,goofier,1
6042,smoother,1
6043,tower,1
6044,schloss,1
6045,housekeep,1
6046,temporarili,1
6047,temptat,1
6048,juliet,1
6049,tokyo,1
6050,overboard,1
6051,hll,1
6052,looser,1
6053,height,1
6054,integ,1
6055,goodol,1
6056,inc,1
6057,yasuoka,1
6058,swordfish,1
6059,crush,1
6060,thorn,1
6061,lacklustr,1
6062,mite,1
6063,dentist,1
6064,saint,1
6065,bog,1
6066,cush,1
6067,tori,1
6068,dinner,1
6069,tabl,1
6070,kaufman,1
6071,tox,1
6072,psychiatrist,1
6073,instantli,1
6074,escape,1
6075,eeri,1
6076,ammo,1
6077,ss,1
6078,momma,1
6079,orang,1
6080,sasha,1
6081,shackl,1
6082,beani,1
6083,rivalri,1
6084,choreograph,1
6085,mamet,1
6086,roof,1
6087,ese,1
6088,mexico,1
6089,dwier,1
6090,spank,1
6091,roguish,1
6092,midriff,1
6093,atlant,1
6094,crusti,1
6095,irrever,1
6096,weekli,1
6097,housew,1
6098,stanford,1
6099,havoc,1
6100,terror,1
6101,everett,1
6102,dodgi,1
6103,kardian,1
6104,motorist,1
6105,lambert,1
6106,leifert,1
6107,neff,1
6108,balchin,1
6109,mortal,1
6110,hottest,1
6111,wildli,1
6112,classifi,1
6113,farcic,1
6114,pornograph,1
6115,shard,1
6116,corner,1
6117,yuck,1
6118,nigel,1
6119,crayon,1
6120,similarli,1
6121,quaver,1
6122,vapor,1
6123,indistinguish,1
6124,nieman,1
6125,aswel,1
6126,byrn,1
6127,messi,1
6128,miscast,1
6129,disjoint,1
6130,kidney,1
6131,nickel,1
6132,knucklehead,1
6133,reliant,1
6134,palm,1
6135,itanymor,1
6136,diddi,1
6137,bennett,1
6138,ofth,1
6139,areeven,1
6140,sometimesvideo,1
6141,donkey,1
6142,transpir,1
6143,liberti,1
6144,pen,1
6145,divert,1
6146,dealt,1
6147,nutcrack,1
6148,headlight,1
6149,slob,1
6150,automobil,1
6151,wimpish,1
6152,nill,1
6153,mic,1
6154,gerald,1
6155,atop,1
6156,dich,1
6157,stereo,1
6158,detail,1
6159,trodden,1
6160,ich,1
6161,pashtun,1
6162,boyhood,1
6163,enunci,1
6164,lighthous,1
6165,kung,1
6166,volit,1
6167,thereof,1
6168,schooler,1
6169,function,1
6170,rafter,1
6171,withâ,1
6172,luxuri,1
6173,gist,1
6174,z,1
6175,soni,1
6176,senial,1
6177,hall,1
6178,unparticular,1
6179,gila,1
6180,cheep,1
6181,ignit,1
6182,bless,1
6183,dental,1
6184,electrocut,1
6185,sorrow,1
6186,tequila,1
6187,trent,1
6188,stitch,1
6189,unnoticedâ,1
6190,internet,1
6191,kite,1
6192,uninform,1
6193,brim,1
6194,spunki,1
6195,tastic,1
6196,collag,1
6197,waterâ,1
6198,lieu,1
6199,heartless,1
6200,immort,1
6201,micro,1
6202,ight,1
6203,nia,1
6204,necrophagu,1
6205,montreal,1
6206,perfunctori,1
6207,address,1
6208,chamber,1
6209,circu,1
6210,collid,1
6211,stern,1
6212,muscl,1
6213,sayonara,1
6214,peepl,1
6215,nic,1
6216,kelsey,1
6217,choreographi,1
6218,allrdi,1
6219,smal,1
6220,sri,1
6221,kurupt,1
6222,perman,1
6223,californian,1
6224,rock,1
6225,amigo,1
6226,spade,1
6227,graveyard,1
6228,beforeâ,1
6229,lax,1
6230,mankind,1
6231,tipsi,1
6232,wine,1
6233,aristocraci,1
6234,imaginari,1
6235,hype,1
6236,slid,1
6237,cannonbal,1
6238,comment,1
6239,imdber,1
6240,teammat,1
6241,reynold,1
6242,orphanag,1
6243,superstiti,1
6244,frothi,1
6245,schrecklich,1
6246,mariel,1
6247,oblivi,1
6248,otool,1
6249,loggia,1
6250,musacki,1
6251,disastr,1
6252,ghostwolf,1
